hop,count
0,1
1,6
2,10
3,15
4,22
5,31
6,52
7,51
8,58
9,74
10,67
11,63
12,60
13,56
14,78
15,72
16,66
17,68
18,86
19,100
20,94
21,94
22,115
23,102
24,99
25,119
26,139
27,142
28,163
29,168
30,196
31,227
32,258
33,288
34,266
35,252
36,252
37,255
38,289
39,314
40,294
41,291
42,289
43,279
44,298
45,274
46,333
47,329
48,341
49,291
50,322
51,311
52,314
53,336
54,345
55,325
56,323
57,352
58,364
59,373
60,348
61,351
62,398
63,370
64,370
65,349
66,348
67,382
68,363
69,364
70,358
71,353
72,427
73,438
74,468
75,458
76,456
77,467
78,459
79,467
80,409
81,371
82,364
83,358
84,380
85,354
86,402
87,405
88,399
89,432
90,373
91,393
92,373
93,405
94,400
95,420
96,414
97,421
98,398
99,391
100,447
101,458
102,480
103,466
104,424
105,417
106,402
107,431
108,437
109,439
110,454
111,468
112,436
113,424
114,472
115,515
116,533
117,584
118,550
119,587
120,659
121,640
122,651
123,628
124,622
125,610
126,610
127,597
128,628
129,611
130,593
131,604
132,624
133,636
134,657
135,633
136,678
137,802
138,806
139,759
140,673
141,690
142,675
143,672
144,648
145,722
146,716
147,753
148,767
149,804
150,759
151,809
152,816
153,814
154,836
155,790
156,802
157,830
158,859
159,863
160,858
161,932
162,953
163,1020
164,1056
165,998
166,1059
167,1043
168,1035
169,1040
170,1036
171,1106
172,1052
173,1014
174,994
175,950
176,939
177,978
178,1012
179,969
180,1023
181,1050
182,1015
183,1051
184,1077
185,1095
186,1187
187,1209
188,1238
189,1260
190,1359
191,1264
192,1234
193,1343
194,1359
195,1266
196,1274
197,1292
198,1284
199,1308
200,1330
201,1273
202,1298
203,1329
204,1300
205,1245
206,1216
207,1296
208,1329
209,1381
210,1330
211,1298
212,1305
213,1224
214,1217
215,1133
216,1165
217,1100
218,1140
219,1209
220,1213
221,1203
222,1217
223,1185
224,1219
225,1256
226,1220
227,1254
228,1270
229,1251
230,1320
231,1287
232,1290
233,1330
234,1283
235,1286
236,1340
237,1326
238,1316
239,1339
240,1424
241,1405
242,1456
243,1448
244,1485
245,1558
246,1557
247,1505
248,1605
249,1574
250,1594
251,1573
252,1619
253,1655
254,1553
255,1612
256,1644
257,1638
258,1630
259,1552
260,1538
261,1648
262,1599
263,1672
264,1672
265,1657
266,1668
267,1672
268,1647
269,1639
270,1680
271,1668
272,1600
273,1523
274,1493
275,1634
276,1709
277,1750
278,1706
279,1628
280,1653
281,1547
282,1611
283,1660
284,1611
285,1650
286,1655
287,1738
288,1895
289,1866
290,1877
291,1910
292,1854
293,1874
294,1802
295,1812
296,1890
297,1784
298,1839
299,1754
300,1751
301,1787
302,1758
303,1823
304,1892
305,1836
306,1766
307,1712
308,1717
309,1814
310,1886
311,1822
312,1929
313,1913
314,1986
315,2078
316,2055
317,2095
318,2014
319,2058
320,2002
321,2077
322,2060
323,2194
324,2115
325,2076
326,2050
327,2050
328,2009
329,2017
330,2059
331,2002
332,1992
333,1921
334,1888
335,1941
336,1918
337,1985
338,1946
339,1889
340,2016
341,2063
342,2117
343,2222
344,2101
345,2209
346,2199
347,2247
348,2335
349,2287
350,2248
351,2253
352,2352
353,2412
354,2289
355,2355
356,2354
357,2374
358,2405
359,2358
360,2360
361,2387
362,2342
363,2321
364,2544
365,2606
366,2640
367,2592
368,2488
369,2497
370,2561
371,2583
372,2437
373,2483
374,2446
375,2455
376,2498
377,2408
378,2349
379,2365
380,2260
381,2219
382,2253
383,2244
384,2220
385,2178
386,2168
387,2107
388,2221
389,2214
390,2165
391,2246
392,2245
393,2322
394,2300
395,2368
396,2392
397,2409
398,2462
399,2506
400,2675
401,2700
402,2549
403,2521
404,2493
405,2529
406,2576
407,2513
408,2484
409,2406
410,2555
411,2653
412,2675
413,2624
414,2616
415,2666
416,2743
417,2745
418,2754
419,2715
420,2714
421,2727
422,2663
423,2612
424,2696
425,2725
426,2770
427,2745
428,2724
429,2728
430,2725
431,2782
432,2881
433,2847
434,2787
435,2685
436,2802
437,2790
438,2752
439,2746
440,2787
441,2835
442,2784
443,2789
444,2868
445,2883
446,2786
447,2838
448,2796
449,2908
450,2879
451,2916
452,2913
453,2884
454,2799
455,2889
456,2850
457,2838
458,2849
459,3003
460,2986
461,2970
462,2934
463,2900
464,2847
465,2753
466,2708
467,2805
468,2660
469,2710
470,2692
471,2659
472,2724
473,2719
474,2731
475,2694
476,2669
477,2686
478,2759
479,2766
480,2803
481,2842
482,2859
483,2941
484,2960
485,2778
486,2854
487,2876
488,2877
489,2933
490,2920
491,2871
492,2807
493,2747
494,2642
495,2651
496,2693
497,2790
498,2824
499,2890
500,2940
501,3076
502,3027
503,2895
504,2850
505,2845
506,2940
507,3068
508,3114
509,3107
510,3045
511,3028
512,3002
513,2970
514,2957
515,2853
516,2794
517,2840
518,2959
519,2828
520,2920
521,3036
522,3072
523,3025
524,3050
525,3095
526,3072
527,3071
528,3104
529,3156
530,3134
531,3127
532,2996
533,3012
534,3008
535,3033
536,3018
537,3142
538,3160
539,3155
540,3237
541,3295
542,3237
543,3240
544,3202
545,3299
546,3269
547,3148
548,3218
549,3141
550,3085
551,3141
552,3110
553,3231
554,3244
555,3249
556,3428
557,3390
558,3422
559,3404
560,3411
561,3414
562,3344
563,3395
564,3436
565,3406
566,3309
567,3417
568,3325
569,3345
570,3471
571,3458
572,3499
573,3584
574,3594
575,3578
576,3580
577,3631
578,3493
579,3592
580,3582
581,3609
582,3529
583,3507
584,3451
585,3490
586,3423
587,3300
588,3332
589,3403
590,3542
591,3608
592,3636
593,3636
594,3667
595,3509
596,3487
597,3527
598,3438
599,3589
600,3662
601,3837
602,3655
603,3696
604,3654
605,3770
606,3803
607,3680
608,3616
609,3628
610,3671
611,3792
612,3836
613,3772
614,3738
615,3653
616,3880
617,3803
618,3834
619,3909
620,3900
621,3850
622,3840
623,4000
624,3891
625,3799
626,3801
627,3761
628,3802
629,3739
630,3854
631,3891
632,4008
633,3858
634,4042
635,4094
636,4068
637,4007
638,4084
639,4075
640,4173
641,4003
642,4018
643,3939
644,3812
645,3761
646,3791
647,3901
648,3866
649,3994
650,4074
651,4105
652,4077
653,4037
654,3941
655,3878
656,3933
657,3878
658,3955
659,3917
660,3806
661,3791
662,3808
663,3783
664,3850
665,3776
666,3816
667,3827
668,3849
669,3820
670,3772
671,3679
672,3622
673,3739
674,3656
675,3601
676,3802
677,3753
678,3735
679,3706
680,3595
681,3592
682,3664
683,3746
684,3699
685,3615
686,3476
687,3518
688,3519
689,3511
690,3401
691,3447
692,3456
693,3397
694,3419
695,3454
696,3376
697,3423
698,3450
699,3499
700,3473
701,3436
702,3408
703,3517
704,3291
705,3294
706,3288
707,3310
708,3300
709,3306
710,3377
711,3320
712,3336
713,3298
714,3206
715,3271
716,3258
717,3336
718,3282
719,3272
720,3174
721,3236
722,3320
723,3410
724,3451
725,3454
726,3478
727,3697
728,3674
729,3598
730,3630
731,3644
732,3464
733,3415
734,3470
735,3664
736,3642
737,3678
738,3590
739,3576
740,3550
741,3570
742,3615
743,3632
744,3734
745,3803
746,3729
747,3672
748,3548
749,3488
750,3416
751,3526
752,3564
753,3412
754,3463
755,3504
756,3528
757,3598
758,3707
759,3789
760,3896
761,3736
762,3608
763,3864
764,3925
765,3848
766,3887
767,4002
768,4084
769,4011
770,3943
771,3957
772,3974
773,3946
774,3929
775,4016
776,3986
777,3972
778,3885
779,3908
780,3883
781,3892
782,3993
783,3937
784,3918
785,3991
786,3849
787,3874
788,3877
789,3813
790,3815
791,3689
792,3580
793,3487
794,3541
795,3389
796,3445
797,3364
798,3416
799,3507
800,3391
801,3357
802,3405
803,3447
804,3459
805,3451
806,3510
807,3557
808,3589
809,3628
810,3633
811,3722
812,3730
813,3618
814,3495
815,3396
816,3478
817,3442
818,3514
819,3603
820,3567
821,3484
822,3401
823,3475
824,3530
825,3608
826,3508
827,3585
828,3487
829,3715
830,3698
831,3697
832,3746
833,3766
834,3751
835,3676
836,3771
837,3756
838,3705
839,3646
840,3638
841,3578
842,3702
843,3640
844,3711
845,3802
846,3793
847,3610
848,3697
849,3659
850,3469
851,3571
852,3514
853,3513
854,3458
855,3556
856,3571
857,3518
858,3588
859,3730
860,3555
861,3652
862,3652
863,3584
864,3540
865,3517
866,3494
867,3431
868,3382
869,3305
870,3386
871,3468
872,3472
873,3438
874,3454
875,3501
876,3467
877,3699
878,3580
879,3382
880,3424
881,3430
882,3567
883,3551
884,3407
885,3558
886,3565
887,3609
888,3528
889,3433
890,3508
891,3611
892,3538
893,3548
894,3570
895,3784
896,3800
897,3781
898,3872
899,3843
900,3819
901,3825
902,3999
903,4008
904,3976
905,4133
906,4223
907,4299
908,4306
909,4244
910,4195
911,4218
912,4325
913,4279
914,4360
915,4222
916,4231
917,4211
918,4332
919,4269
920,4220
921,4216
922,4315
923,4209
924,4346
925,4189
926,4216
927,4100
928,4156
929,4264
930,4335
931,4222
932,4255
933,4194
934,4218
935,4122
936,4185
937,4152
938,4289
939,4373
940,4359
941,4353
942,4259
943,4099
944,3938
945,3848
946,3830
947,3850
948,3856
949,3875
950,3872
951,3970
952,3962
953,4070
954,4085
955,4187
956,4190
957,4087
958,4205
959,4112
960,4210
961,4209
962,4188
963,4051
964,3967
965,4013
966,4161
967,4204
968,4204
969,4140
970,4223
971,4160
972,4166
973,4178
974,4107
975,4119
976,4202
977,4138
978,4122
979,4096
980,4095
981,4151
982,4209
983,4258
984,4148
985,4134
986,4179
987,4261
988,4294
989,4182
990,4245
991,4152
992,4145
993,4085
994,4182
995,4255
996,4399
997,4396
998,4281
999,4207
1000,4194
1001,4270
1002,4233
1003,4196
1004,4183
1005,4144
1006,4296
1007,4314
1008,4233
1009,4322
1010,4288
1011,4245
1012,4366
1013,4232
1014,4319
1015,4437
1016,4388
1017,4371
1018,4228
1019,4283
1020,4295
1021,4418
1022,4463
1023,4354
1024,4312
1025,4305
1026,4234
1027,4569
1028,4666
1029,4577
1030,4537
1031,4441
1032,4442
1033,4540
1034,4450
1035,4525
1036,4459
1037,4439
1038,4408
1039,4254
1040,4208
1041,4339
1042,4335
1043,4274
1044,4110
1045,3995
1046,3935
1047,4024
1048,3988
1049,3927
1050,3799
1051,3836
1052,3791
1053,3852
1054,3819
1055,3817
1056,3814
1057,3823
1058,3888
1059,3764
1060,3846
1061,3884
1062,3690
1063,3779
1064,3703
1065,3654
1066,3639
1067,3643
1068,3733
1069,3794
1070,3760
1071,3705
1072,3667
1073,3715
1074,3870
1075,3867
1076,3984
1077,3944
1078,4054
1079,4058
1080,3977
1081,4027
1082,3920
1083,3824
1084,3884
1085,3914
1086,3842
1087,3780
1088,3842
1089,3872
1090,4006
1091,4014
1092,3961
1093,3990
1094,3888
1095,3973
1096,4016
1097,3908
1098,3973
1099,3968
1100,4037
1101,4160
1102,4128
1103,4069
1104,4052
1105,3920
1106,3885
1107,3854
1108,3830
1109,3977
1110,3925
1111,3898
1112,3928
1113,3940
1114,4138
1115,4024
1116,3856
1117,3982
1118,4108
1119,3966
1120,3798
1121,3764
1122,3850
1123,3838
1124,3934
1125,3948
1126,3952
1127,3916
1128,3927
1129,3934
1130,4055
1131,4060
1132,4129
1133,4207
1134,4205
1135,4136
1136,4131
1137,4186
1138,4223
1139,3995
1140,4072
1141,4007
1142,3967
1143,4029
1144,4000
1145,3896
1146,3903
1147,3880
1148,4007
1149,4099
1150,4271
1151,4284
1152,4205
1153,4215
1154,4205
1155,4154
1156,4212
1157,4316
1158,4497
1159,4451
1160,4425
1161,4495
1162,4389
1163,4523
1164,4512
1165,4598
1166,4615
1167,4486
1168,4586
1169,4703
1170,4668
1171,4618
1172,4708
1173,4585
1174,4594
1175,4641
1176,4790
1177,4712
1178,4837
1179,4933
1180,4985
1181,5108
1182,5088
1183,4995
1184,4911
1185,5018
1186,5072
1187,5146
1188,5142
1189,5257
1190,5196
1191,5195
1192,5095
1193,5234
1194,5141
1195,5071
1196,4997
1197,5136
1198,5201
1199,5278
1200,5329
1201,5299
1202,5235
1203,5169
1204,5096
1205,4753
1206,4702
1207,4877
1208,4806
1209,4759
1210,4775
1211,4797
1212,4721
1213,4725
1214,4787
1215,4771
1216,4819
1217,4854
1218,4864
1219,4746
1220,4838
1221,4797
1222,4831
1223,4796
1224,4743
1225,4664
1226,4572
1227,4591
1228,4661
1229,4734
1230,4873
1231,4686
1232,4652
1233,4648
1234,4718
1235,4729
1236,4816
1237,4794
1238,4903
1239,4833
1240,4960
1241,5123
1242,5046
1243,4986
1244,5066
1245,4913
1246,4915
1247,4967
1248,4949
1249,4871
1250,4926
1251,4882
1252,4880
1253,4841
1254,4755
1255,4766
1256,4911
1257,4982
1258,4991
1259,4975
1260,4939
1261,4990
1262,5121
1263,5026
1264,4988
1265,4988
1266,5159
1267,4989
1268,5026
1269,5005
1270,4990
1271,4953
1272,5007
1273,4951
1274,5098
1275,4883
1276,5052
1277,5088
1278,5134
1279,5036
1280,4956
1281,5135
1282,5081
1283,5168
1284,5267
1285,5305
1286,5180
1287,5305
1288,5187
1289,5153
1290,5121
1291,5135
1292,5188
1293,5172
1294,5194
1295,5256
1296,5245
1297,5360
1298,5552
1299,5463
1300,5452
1301,5450
1302,5477
1303,5497
1304,5559
1305,5499
1306,5463
1307,5401
1308,5208
1309,5384
1310,5341
1311,5375
1312,5503
1313,5487
1314,5503
1315,5407
1316,5474
1317,5483
1318,5443
1319,5476
1320,5434
1321,5245
1322,5100
1323,5051
1324,5048
1325,5072
1326,5069
1327,4998
1328,5165
1329,5348
1330,5327
1331,5371
1332,5434
1333,5429
1334,5391
1335,5422
1336,5482
1337,5264
1338,5123
1339,5164
1340,5218
1341,5329
1342,5454
1343,5303
1344,5341
1345,5373
1346,5319
1347,5332
1348,5444
1349,5322
1350,5260
1351,5237
1352,5251
1353,5199
1354,5146
1355,5200
1356,5197
1357,5248
1358,5206
1359,5209
1360,5247
1361,5296
1362,5328
1363,5247
1364,5184
1365,5155
1366,5047
1367,5145
1368,5204
1369,5348
1370,5366
1371,5336
1372,5366
1373,5339
1374,5362
1375,5465
1376,5517
1377,5379
1378,5390
1379,5358
1380,5323
1381,5358
1382,5370
1383,5462
1384,5403
1385,5392
1386,5357
1387,5218
1388,5228
1389,5183
1390,5212
1391,5237
1392,5186
1393,5200
1394,5217
1395,5245
1396,5328
1397,5533
1398,5545
1399,5490
1400,5554
1401,5488
1402,5523
1403,5472
1404,5375
1405,5415
1406,5490
1407,5530
1408,5518
1409,5495
1410,5495
1411,5495
1412,5344
1413,5454
1414,5581
1415,5588
1416,5584
1417,5436
1418,5592
1419,5641
1420,5661
1421,5583
1422,5562
1423,5514
1424,5447
1425,5552
1426,5536
1427,5404
1428,5412
1429,5498
1430,5464
1431,5466
1432,5451
1433,5365
1434,5547
1435,5600
1436,5535
1437,5613
1438,5600
1439,5630
1440,5552
1441,5455
1442,5569
1443,5449
1444,5372
1445,5292
1446,5371
1447,5360
1448,5556
1449,5598
1450,5518
1451,5548
1452,5629
1453,5825
1454,5849
1455,5880
1456,5992
1457,5953
1458,5758
1459,5742
1460,5883
1461,5817
1462,5917
1463,6011
1464,6375
1465,6523
1466,6485
1467,6583
1468,6365
1469,6291
1470,6263
1471,6175
1472,6232
1473,6313
1474,6331
1475,6415
1476,6287
1477,6359
1478,6194
1479,6334
1480,6207
1481,6157
1482,6256
1483,6421
1484,6264
1485,6350
1486,6416
1487,6605
1488,6568
1489,6792
1490,6783
1491,6792
1492,6564
1493,6706
1494,6769
1495,6805
1496,6819
1497,7009
1498,6988
1499,6968
1500,6849
1501,6844
1502,6688
1503,6792
1504,6741
1505,6554
1506,6641
1507,6747
1508,6755
1509,6682
1510,6816
1511,6727
1512,6664
1513,6606
1514,6450
1515,6564
1516,6690
1517,6607
1518,6672
1519,6645
1520,6504
1521,6503
1522,6503
1523,6508
1524,6559
1525,6383
1526,6452
1527,6538
1528,6556
1529,6615
1530,6655
1531,6606
1532,6614
1533,6628
1534,6499
1535,6514
1536,6419
1537,6394
1538,6537
1539,6454
1540,6531
1541,6541
1542,6480
1543,6225
1544,6272
1545,6163
1546,6204
1547,6342
1548,6358
1549,6319
1550,6229
1551,6431
1552,6390
1553,6583
1554,6702
1555,6947
1556,6922
1557,6870
1558,7088
1559,7005
1560,6955
1561,7075
1562,7064
1563,6931
1564,7037
1565,7042
1566,6970
1567,7040
1568,6992
1569,7068
1570,6988
1571,7113
1572,7117
1573,7036
1574,6806
1575,6671
1576,6767
1577,6737
1578,6817
1579,7046
1580,6958
1581,6893
1582,7023
1583,6750
1584,6815
1585,7030
1586,7013
1587,7060
1588,7245
1589,7090
1590,7169
1591,7023
1592,6991
1593,7058
1594,7008
1595,7124
1596,7188
1597,7035
1598,7249
1599,7202
1600,7209
1601,7155
1602,7031
1603,7102
1604,6918
1605,6995
1606,6910
1607,6836
1608,6952
1609,6962
1610,6998
1611,6926
1612,6786
1613,6751
1614,6609
1615,6729
1616,6713
1617,6685
1618,6718
1619,6611
1620,6612
1621,6709
1622,6721
1623,6874
1624,6772
1625,6672
1626,6759
1627,6661
1628,6489
1629,6564
1630,6669
1631,6702
1632,6681
1633,6771
1634,6744
1635,6755
1636,6704
1637,6696
1638,6785
1639,6754
1640,6789
1641,6774
1642,6707
1643,6574
1644,6541
1645,6518
1646,6662
1647,6566
1648,6757
1649,6704
1650,6946
1651,6711
1652,6849
1653,6987
1654,7096
1655,7136
1656,7257
1657,7172
1658,7125
1659,7151
1660,7229
1661,7110
1662,6975
1663,6993
1664,7150
1665,7147
1666,6889
1667,6764
1668,6606
1669,6764
1670,6747
1671,6848
1672,6918
1673,7021
1674,7122
1675,7075
1676,7227
1677,7133
1678,6995
1679,7178
1680,7110
1681,7101
1682,7073
1683,6956
1684,6965
1685,7138
1686,7150
1687,7300
1688,7220
1689,7018
1690,7182
1691,7409
1692,7340
1693,7238
1694,7212
1695,7194
1696,7161
1697,7308
1698,7352
1699,7079
1700,7133
1701,7107
1702,7103
1703,7180
1704,7140
1705,7056
1706,7004
1707,7190
1708,6991
1709,7020
1710,7065
1711,7078
1712,7316
1713,7216
1714,7301
1715,7249
1716,7205
1717,7229
1718,7238
1719,7328
1720,7124
1721,7238
1722,7438
1723,7387
1724,7371
1725,7486
1726,7641
1727,7402
1728,7496
1729,7685
1730,7512
1731,7503
1732,7572
1733,7513
1734,7417
1735,7573
1736,7475
1737,7519
1738,7515
1739,7443
1740,7446
1741,7637
1742,7718
1743,7703
1744,7697
1745,7601
1746,7443
1747,7538
1748,7541
1749,7418
1750,7433
1751,7640
1752,7585
1753,7440
1754,7515
1755,7522
1756,7308
1757,7269
1758,7540
1759,7633
1760,7623
1761,7713
1762,7788
1763,7845
1764,7839
1765,7950
1766,8097
1767,8150
1768,7974
1769,7873
1770,7979
1771,7822
1772,7838
1773,7648
1774,7739
1775,7785
1776,7719
1777,7607
1778,7535
1779,7545
1780,7712
1781,7881
1782,8028
1783,8136
1784,7900
1785,7991
1786,8065
1787,8164
1788,8203
1789,8071
1790,8097
1791,7871
1792,7848
1793,7668
1794,7673
1795,7530
1796,7581
1797,7712
1798,7616
1799,7605
1800,7389
1801,7575
1802,7828
1803,7747
1804,7571
1805,7289
1806,7169
1807,7270
1808,7061
1809,7098
1810,7014
1811,7009
1812,7002
1813,6782
1814,6766
1815,6698
1816,6611
1817,6629
1818,6570
1819,6534
1820,6544
1821,6589
1822,6711
1823,6773
1824,6944
1825,6844
1826,6786
1827,6592
1828,6728
1829,6905
1830,6871
1831,6927
1832,6843
1833,6783
1834,6860
1835,6982
1836,6996
1837,7079
1838,7055
1839,7265
1840,7361
1841,7438
1842,7388
1843,7418
1844,7473
1845,7274
1846,7372
1847,7524
1848,7659
1849,7548
1850,7769
1851,7583
1852,7652
1853,7626
1854,7734
1855,7838
1856,7895
1857,7833
1858,7948
1859,7939
1860,7924
1861,8132
1862,8165
1863,8243
1864,8215
1865,8029
1866,8082
1867,8216
1868,7993
1869,7812
1870,7811
1871,7900
1872,7936
1873,7844
1874,7858
1875,7954
1876,7964
1877,7896
1878,7933
1879,7986
1880,8022
1881,7884
1882,7850
1883,7862
1884,7891
1885,7656
1886,7728
1887,7550
1888,7752
1889,7864
1890,7827
1891,8027
1892,7851
1893,7837
1894,7791
1895,7618
1896,7672
1897,7623
1898,7698
1899,7711
1900,7715
1901,7518
1902,7487
1903,7529
1904,7766
1905,7476
1906,7345
1907,7392
1908,7424
1909,7401
1910,7319
1911,7435
1912,7404
1913,7512
1914,7399
1915,7470
1916,7555
1917,7573
1918,7496
1919,7589
1920,7358
1921,7169
1922,7229
1923,7292
1924,7197
1925,7092
1926,7296
1927,7275
1928,7344
1929,7360
1930,7475
1931,7464
1932,7567
1933,7691
1934,7721
1935,7706
1936,7585
1937,7459
1938,7412
1939,7202
1940,7310
1941,7505
1942,7269
1943,7253
1944,7259
1945,7187
1946,7190
1947,7189
1948,7083
1949,7099
1950,7216
1951,7296
1952,7243
1953,7284
1954,7268
1955,7392
1956,7372
1957,7383
1958,7325
1959,7170
1960,7098
1961,6976
1962,6791
1963,6671
1964,6543
1965,6629
1966,6626
1967,6511
1968,6631
1969,6659
1970,6579
1971,6765
1972,6858
1973,6841
1974,6908
1975,6719
1976,6818
1977,6681
1978,6782
1979,6834
1980,6899
1981,6871
1982,6887
1983,6975
1984,6915
1985,6959
1986,6974
1987,6927
1988,6842
1989,6951
1990,7134
1991,7002
1992,7031
1993,7106
1994,6793
1995,6974
1996,6810
1997,6808
1998,6742
1999,6820
2000,6847
2001,6803
2002,6678
2003,6763
2004,6779
2005,6870
2006,6673
2007,6563
2008,6716
2009,6621
2010,6644
2011,6555
2012,6575
2013,6775
2014,6835
2015,6722
2016,6760
2017,6668
2018,6802
2019,6639
2020,6723
2021,6648
2022,6657
2023,6633
2024,6818
2025,6568
2026,6649
2027,6606
2028,6621
2029,6408
2030,6516
2031,6482
2032,6568
2033,6699
2034,6768
2035,6759
2036,6845
2037,7098
2038,6983
2039,7139
2040,6933
2041,6836
2042,6905
2043,6858
2044,6645
2045,6521
2046,6465
2047,6534
2048,6460
2049,6488
2050,6501
2051,6442
2052,6349
2053,6331
2054,6262
2055,6321
2056,6380
2057,6286
2058,6298
2059,6423
2060,6486
2061,6460
2062,6506
2063,6504
2064,6452
2065,6341
2066,6309
2067,6309
2068,6322
2069,6244
2070,6339
2071,6197
2072,6211
2073,6433
2074,6403
2075,6466
2076,6458
2077,6315
2078,6424
2079,6377
2080,6470
2081,6454
2082,6744
2083,6794
2084,6731
2085,6678
2086,6766
2087,6771
2088,7005
2089,7053
2090,6908
2091,6948
2092,6812
2093,6924
2094,6901
2095,7022
2096,7012
2097,7083
2098,6933
2099,7041
2100,6908
2101,6965
2102,6925
2103,6939
2104,6934
2105,6854
2106,6693
2107,6806
2108,6967
2109,6796
2110,6667
2111,6730
2112,6798
2113,6820
2114,6820
2115,6915
2116,6887
2117,6716
2118,6665
2119,6624
2120,6696
2121,6631
2122,6679
2123,6893
2124,6920
2125,7054
2126,6843
2127,6823
2128,6728
2129,6789
2130,6611
2131,6541
2132,6348
2133,6337
2134,6326
2135,6509
2136,6484
2137,6612
2138,6687
2139,6775
2140,6812
2141,6781
2142,6787
2143,6722
2144,6590
2145,6637
2146,6454
2147,6462
2148,6330
2149,6342
2150,6450
2151,6466
2152,6395
2153,6442
2154,6450
2155,6606
2156,6560
2157,6454
2158,6411
2159,6340
2160,6509
2161,6403
2162,6378
2163,6262
2164,6277
2165,6361
2166,6260
2167,6299
2168,6255
2169,6363
2170,6438
2171,6492
2172,6545
2173,6410
2174,6407
2175,6424
2176,6407
2177,6356
2178,6385
2179,6339
2180,6542
2181,6603
2182,6428
2183,6430
2184,6332
2185,6364
2186,6243
2187,6266
2188,6400
2189,6526
2190,6548
2191,6649
2192,6583
2193,6558
2194,6385
2195,6510
2196,6391
2197,6449
2198,6487
2199,6336
2200,6255
2201,6375
2202,6332
2203,6269
2204,6325
2205,6315
2206,6392
2207,6261
2208,6220
2209,6079
2210,6104
2211,6139
2212,6261
2213,6359
2214,6323
2215,6326
2216,6475
2217,6544
2218,6631
2219,6672
2220,6822
2221,6627
2222,6698
2223,6521
2224,6415
2225,6513
2226,6645
2227,6678
2228,6754
2229,6929
2230,6835
2231,6800
2232,6926
2233,6952
2234,6992
2235,7127
2236,7189
2237,7062
2238,7040
2239,7029
2240,7094
2241,7136
2242,7401
2243,7299
2244,7456
2245,7516
2246,7320
2247,7302
2248,7247
2249,7114
2250,7204
2251,7349
2252,7200
2253,7014
2254,7090
2255,7162
2256,7142
2257,7043
2258,6914
2259,7141
2260,6990
2261,7059
2262,6997
2263,7134
2264,7039
2265,6970
2266,7241
2267,7299
2268,7287
2269,7225
2270,6973
2271,6978
2272,6878
2273,6940
2274,6877
2275,7113
2276,7026
2277,7088
2278,7201
2279,7207
2280,7304
2281,7147
2282,7076
2283,7023
2284,6911
2285,6864
2286,6872
2287,6977
2288,6885
2289,6935
2290,6953
2291,7016
2292,6971
2293,6911
2294,6906
2295,6908
2296,7016
2297,7269
2298,7169
2299,7383
2300,7396
2301,7277
2302,7183
2303,7306
2304,7354
2305,7320
2306,7208
2307,7108
2308,7060
2309,7220
2310,7128
2311,7183
2312,7175
2313,7000
2314,6982
2315,7186
2316,7293
2317,7259
2318,7319
2319,7392
2320,7455
2321,7610
2322,7522
2323,7584
2324,7663
2325,7716
2326,7741
2327,7725
2328,7840
2329,7770
2330,7910
2331,7837
2332,7681
2333,7589
2334,7749
2335,7705
2336,7556
2337,7430
2338,7517
2339,7484
2340,7462
2341,7702
2342,7753
2343,7847
2344,7899
2345,7714
2346,7601
2347,7636
2348,7648
2349,7735
2350,7830
2351,7993
2352,7913
2353,8061
2354,7954
2355,7914
2356,7875
2357,8097
2358,8142
2359,8274
2360,8272
2361,8269
2362,8273
2363,8329
2364,8455
2365,8467
2366,8378
2367,8230
2368,8249
2369,8052
2370,8116
2371,8088
2372,7904
2373,7946
2374,7983
2375,7930
2376,8000
2377,8213
2378,8176
2379,7989
2380,7961
2381,7803
2382,7762
2383,7954
2384,7908
2385,8009
2386,7818
2387,7649
2388,7721
2389,7750
2390,7724
2391,7681
2392,7634
2393,7750
2394,7834
2395,7788
2396,7658
2397,7805
2398,7787
2399,7653
2400,7629
2401,7664
2402,7645
2403,7410
2404,7463
2405,7277
2406,7169
2407,7149
2408,7022
2409,7008
2410,7030
2411,7212
2412,7463
2413,7262
2414,7233
2415,7244
2416,7153
2417,7063
2418,7185
2419,7291
2420,7322
2421,7551
2422,7519
2423,7603
2424,7529
2425,7620
2426,7696
2427,7872
2428,7767
2429,7680
2430,7700
2431,7718
2432,7622
2433,7694
2434,7669
2435,7742
2436,7909
2437,7733
2438,7625
2439,7732
2440,7777
2441,7639
2442,7535
2443,7459
2444,7224
2445,7058
2446,7037
2447,7214
2448,7359
2449,7380
2450,7109
2451,7289
2452,7230
2453,7240
2454,7339
2455,7339
2456,7238
2457,7506
2458,7466
2459,7291
2460,7148
2461,7119
2462,7186
2463,7155
2464,7337
2465,7301
2466,7397
2467,7352
2468,7543
2469,7499
2470,7533
2471,7360
2472,7349
2473,7256
2474,7180
2475,7326
2476,7260
2477,7187
2478,7243
2479,7107
2480,7114
2481,7047
2482,7112
2483,7040
2484,6976
2485,6914
2486,7110
2487,7376
2488,7423
2489,7478
2490,7438
2491,7379
2492,7165
2493,7143
2494,7240
2495,7151
2496,7147
2497,6876
2498,6966
2499,7022
2500,6955
2501,7165
2502,7027
2503,7240
2504,7225
2505,7270
2506,7386
2507,7259
2508,7162
2509,7193
2510,7324
2511,7336
2512,7440
2513,7210
2514,7265
2515,7224
2516,7193
2517,7024
2518,7203
2519,7204
2520,7029
2521,6959
2522,6723
2523,6780
2524,6909
2525,6851
2526,6832
2527,6750
2528,6812
2529,6670
2530,7018
2531,6899
2532,6905
2533,6903
2534,6930
2535,6991
2536,6972
2537,6811
2538,7011
2539,7019
2540,7092
2541,7035
2542,7060
2543,7033
2544,7010
2545,6982
2546,6914
2547,6856
2548,6829
2549,6741
2550,6765
2551,6632
2552,6720
2553,6778
2554,6654
2555,6609
2556,6743
2557,6646
2558,6819
2559,6744
2560,6781
2561,6778
2562,6861
2563,6921
2564,6933
2565,6821
2566,6867
2567,7063
2568,7063
2569,6862
2570,6906
2571,7030
2572,6904
2573,6887
2574,6858
2575,6983
2576,6908
2577,6918
2578,6927
2579,6721
2580,6574
2581,6540
2582,6512
2583,6533
2584,6394
2585,6515
2586,6359
2587,6430
2588,6417
2589,6483
2590,6400
2591,6403
2592,6492
2593,6238
2594,6461
2595,6356
2596,6422
2597,6314
2598,6190
2599,6075
2600,5984
2601,5960
2602,5935
2603,5912
2604,6018
2605,6083
2606,6081
2607,5981
2608,5986
2609,6043
2610,6052
2611,6159
2612,6065
2613,6058
2614,6123
2615,6216
2616,6437
2617,6457
2618,6337
2619,6243
2620,6268
2621,6294
2622,6394
2623,6347
2624,6343
2625,6390
2626,6544
2627,6624
2628,6343
2629,6512
2630,6475
2631,6478
2632,6438
2633,6506
2634,6596
2635,6563
2636,6428
2637,6583
2638,6444
2639,6312
2640,6352
2641,6356
2642,6464
2643,6482
2644,6511
2645,6478
2646,6498
2647,6499
2648,6454
2649,6412
2650,6537
2651,6589
2652,6639
2653,6603
2654,6619
2655,6651
2656,6692
2657,6767
2658,6795
2659,7035
2660,6920
2661,6913
2662,6916
2663,6996
2664,7034
2665,7047
2666,7072
2667,6954
2668,6916
2669,6945
2670,6874
2671,6716
2672,6864
2673,6913
2674,6895
2675,6926
2676,6837
2677,6759
2678,6867
2679,6783
2680,6943
2681,7032
2682,6796
2683,6784
2684,6742
2685,6755
2686,6610
2687,6566
2688,6495
2689,6374
2690,6213
2691,6341
2692,6361
2693,6469
2694,6406
2695,6381
2696,6321
2697,6313
2698,6335
2699,6200
2700,6451
2701,6283
2702,6272
2703,6185
2704,6196
2705,6127
2706,6106
2707,6183
2708,6129
2709,5948
2710,5828
2711,5918
2712,6033
2713,5988
2714,5974
2715,5916
2716,5931
2717,5866
2718,5940
2719,5929
2720,5973
2721,5949
2722,5817
2723,5665
2724,5755
2725,5988
2726,5996
2727,6067
2728,6098
2729,6034
2730,6147
2731,6071
2732,6168
2733,6174
2734,6210
2735,6166
2736,6235
2737,6395
2738,6238
2739,6248
2740,6052
2741,6180
2742,6162
2743,6052
2744,5893
2745,5907
2746,5880
2747,5915
2748,5904
2749,6069
2750,6008
2751,6076
2752,6028
2753,6159
2754,6021
2755,5891
2756,5919
2757,5846
2758,5892
2759,5760
2760,5841
2761,5814
2762,5796
2763,5726
2764,5881
2765,6113
2766,5895
2767,6007
2768,5952
2769,5914
2770,5866
2771,5927
2772,5981
2773,5954
2774,5910
2775,5719
2776,5793
2777,5928
2778,6039
2779,6061
2780,6047
2781,5995
2782,6072
2783,6140
2784,6162
2785,6080
2786,6169
2787,6212
2788,6189
2789,6033
2790,5983
2791,6134
2792,6112
2793,6184
2794,6066
2795,6063
2796,6024
2797,6090
2798,6146
2799,5938
2800,6043
2801,6093
2802,6099
2803,6045
2804,5894
2805,5837
2806,5723
2807,5694
2808,5763
2809,5910
2810,5849
2811,5759
2812,5799
2813,5847
2814,5779
2815,5908
2816,5944
2817,5852
2818,5826
2819,5769
2820,5704
2821,5676
2822,5735
2823,5645
2824,5676
2825,5744
2826,5631
2827,5555
2828,5502
2829,5500
2830,5467
2831,5323
2832,5306
2833,5285
2834,5257
2835,5380
2836,5575
2837,5574
2838,5592
2839,5601
2840,5549
2841,5583
2842,5555
2843,5682
2844,5648
2845,5802
2846,5947
2847,5829
2848,5897
2849,5914
2850,5775
2851,5847
2852,5723
2853,5685
2854,5605
2855,5497
2856,5560
2857,5552
2858,5511
2859,5688
2860,5642
2861,5755
2862,5667
2863,5794
2864,5857
2865,5752
2866,5863
2867,5720
2868,5741
2869,5773
2870,5614
2871,5474
2872,5217
2873,5445
2874,5341
2875,5456
2876,5423
2877,5285
2878,5320
2879,5153
2880,5091
2881,5058
2882,5019
2883,5070
2884,5146
2885,5107
2886,5213
2887,5142
2888,5126
2889,4975
2890,5011
2891,5084
2892,5041
2893,5148
2894,5171
2895,5199
2896,5196
2897,5185
2898,5120
2899,5023
2900,5062
2901,5032
2902,5052
2903,5104
2904,5024
2905,5089
2906,5072
2907,5044
2908,5007
2909,4982
2910,5114
2911,5026
2912,5232
2913,5229
2914,5119
2915,5071
2916,5121
2917,5128
2918,4913
2919,5158
2920,5226
2921,5152
2922,5178
2923,5095
2924,4980
2925,4891
2926,4917
2927,4866
2928,4869
2929,4945
2930,4951
2931,4865
2932,4812
2933,4789
2934,4655
2935,4582
2936,4591
2937,4506
2938,4549
2939,4536
2940,4427
2941,4486
2942,4497
2943,4525
2944,4593
2945,4498
2946,4532
2947,4458
2948,4477
2949,4585
2950,4613
2951,4602
2952,4696
2953,4584
2954,4715
2955,4695
2956,4707
2957,4838
2958,4712
2959,4879
2960,4745
2961,4752
2962,4581
2963,4634
2964,4676
2965,4700
2966,4686
2967,4692
2968,4665
2969,4711
2970,4792
2971,4649
2972,4637
2973,4505
2974,4403
2975,4419
2976,4431
2977,4550
2978,4564
2979,4623
2980,4488
2981,4491
2982,4481
2983,4453
2984,4420
2985,4463
2986,4482
2987,4436
2988,4402
2989,4314
2990,4253
2991,4215
2992,4297
2993,4296
2994,4444
2995,4344
2996,4437
2997,4465
2998,4338
2999,4396
3000,4307
3001,4183
3002,4138
3003,4236
3004,4305
3005,4251
3006,4228
3007,4332
3008,4246
3009,4205
3010,4113
3011,3832
3012,3970
3013,3981
3014,4028
3015,4004
3016,3905
3017,3935
3018,3981
3019,4078
3020,4028
3021,4120
3022,4063
3023,4102
3024,4081
3025,4112
3026,4194
3027,4206
3028,4173
3029,4295
3030,4504
3031,4422
3032,4501
3033,4547
3034,4410
3035,4540
3036,4577
3037,4379
3038,4319
3039,4395
3040,4500
3041,4589
3042,4465
3043,4515
3044,4427
3045,4573
3046,4617
3047,4596
3048,4622
3049,4697
3050,4773
3051,4834
3052,4828
3053,4889
3054,4893
3055,4795
3056,4854
3057,4742
3058,4695
3059,4756
3060,4754
3061,4797
3062,4764
3063,4665
3064,4609
3065,4731
3066,4557
3067,4562
3068,4668
3069,4692
3070,4714
3071,4627
3072,4500
3073,4490
3074,4514
3075,4526
3076,4501
3077,4692
3078,4624
3079,4623
3080,4557
3081,4632
3082,4721
3083,4764
3084,4688
3085,4710
3086,4833
3087,4890
3088,4986
3089,4838
3090,4899
3091,4688
3092,4795
3093,4923
3094,4736
3095,4786
3096,4904
3097,4843
3098,4854
3099,5040
3100,5141
3101,5142
3102,5111
3103,5177
3104,5118
3105,5222
3106,5262
3107,5256
3108,5227
3109,5246
3110,5300
3111,5309
3112,5177
3113,5248
3114,5386
3115,5284
3116,5315
3117,5136
3118,5526
3119,5473
3120,5412
3121,5251
3122,5283
3123,5437
3124,5516
3125,5396
3126,5315
3127,5206
3128,5166
3129,5172
3130,5193
3131,5034
3132,5197
3133,5223
3134,5178
3135,5069
3136,5051
3137,5093
3138,5061
3139,5157
3140,5164
3141,5161
3142,4940
3143,4919
3144,4884
3145,4796
3146,4887
3147,5045
3148,4997
3149,4904
3150,4845
3151,4926
3152,4973
3153,4827
3154,4811
3155,4827
3156,4743
3157,4673
3158,4597
3159,4692
3160,4794
3161,4734
3162,4639
3163,4738
3164,4730
3165,4805
3166,4857
3167,4758
3168,4789
3169,4694
3170,4675
3171,4563
3172,4591
3173,4542
3174,4522
3175,4752
3176,4753
3177,4904
3178,4868
3179,4947
3180,4865
3181,4743
3182,4792
3183,4976
3184,5039
3185,4987
3186,5057
3187,5064
3188,4932
3189,4911
3190,4975
3191,4920
3192,4862
3193,4915
3194,4895
3195,4994
3196,4958
3197,4908
3198,4914
3199,4976
3200,4935
3201,4932
3202,4734
3203,4668
3204,4607
3205,4583
3206,4513
3207,4644
3208,4491
3209,4644
3210,4620
3211,4650
3212,4804
3213,4813
3214,4827
3215,4809
3216,4814
3217,4896
3218,4876
3219,5080
3220,5054
3221,5002
3222,4937
3223,4968
3224,5157
3225,5297
3226,5342
3227,5325
3228,5275
3229,5234
3230,5191
3231,5234
3232,5216
3233,5157
3234,5212
3235,5081
3236,5153
3237,5119
3238,5133
3239,5111
3240,5041
3241,5017
3242,5064
3243,5093
3244,5183
3245,5089
3246,5143
3247,5251
3248,5374
3249,5230
3250,5142
3251,5150
3252,5229
3253,5157
3254,5100
3255,5082
3256,5157
3257,5225
3258,5201
3259,5225
3260,5202
3261,5158
3262,5262
3263,5218
3264,5166
3265,5363
3266,5333
3267,5219
3268,5140
3269,5178
3270,5285
3271,5099
3272,5062
3273,5107
3274,5124
3275,5271
3276,5264
3277,5146
3278,5073
3279,5111
3280,5183
3281,5177
3282,5099
3283,5005
3284,4974
3285,4966
3286,4979
3287,4827
3288,4793
3289,4796
3290,4874
3291,4940
3292,4937
3293,5122
3294,5041
3295,4913
3296,4769
3297,4824
3298,4708
3299,4807
3300,4865
3301,4921
3302,4896
3303,5068
3304,5177
3305,4961
3306,4878
3307,4952
3308,4699
3309,4678
3310,4655
3311,4608
3312,4653
3313,4732
3314,4714
3315,4733
3316,4602
3317,4536
3318,4453
3319,4479
3320,4512
3321,4499
3322,4478
3323,4463
3324,4465
3325,4478
3326,4575
3327,4762
3328,4801
3329,4701
3330,4690
3331,4761
3332,4816
3333,4666
3334,4746
3335,4857
3336,4894
3337,4808
3338,4731
3339,4635
3340,4652
3341,4580
3342,4519
3343,4532
3344,4628
3345,4481
3346,4502
3347,4441
3348,4445
3349,4392
3350,4308
3351,4221
3352,4361
3353,4467
3354,4328
3355,4260
3356,4177
3357,4183
3358,4131
3359,4176
3360,4036
3361,4009
3362,3997
3363,3940
3364,3852
3365,3975
3366,3888
3367,3911
3368,3785
3369,3675
3370,3794
3371,3789
3372,3732
3373,3811
3374,3822
3375,3847
3376,3861
3377,3892
3378,3851
3379,3875
3380,3851
3381,3683
3382,3792
3383,3829
3384,3818
3385,3810
3386,3784
3387,3754
3388,3866
3389,3881
3390,3806
3391,3693
3392,3676
3393,3522
3394,3614
3395,3563
3396,3691
3397,3713
3398,3783
3399,3723
3400,3548
3401,3619
3402,3449
3403,3594
3404,3592
3405,3532
3406,3533
3407,3346
3408,3418
3409,3397
3410,3547
3411,3562
3412,3495
3413,3439
3414,3590
3415,3529
3416,3568
3417,3601
3418,3507
3419,3548
3420,3621
3421,3645
3422,3578
3423,3640
3424,3695
3425,3670
3426,3682
3427,3652
3428,3554
3429,3607
3430,3632
3431,3561
3432,3742
3433,3774
3434,3754
3435,3704
3436,3769
3437,3604
3438,3643
3439,3616
3440,3534
3441,3605
3442,3751
3443,3712
3444,3633
3445,3734
3446,3671
3447,3661
3448,3707
3449,3579
3450,3603
3451,3539
3452,3821
3453,3839
3454,3862
3455,4002
3456,3794
3457,3722
3458,3620
3459,3663
3460,3650
3461,3648
3462,3717
3463,3815
3464,3854
3465,3908
3466,3814
3467,3815
3468,3884
3469,3972
3470,3882
3471,3805
3472,3739
3473,3658
3474,3663
3475,3785
3476,3769
3477,3766
3478,3823
3479,3861
3480,3836
3481,3756
3482,4002
3483,4020
3484,4090
3485,4022
3486,4070
3487,4159
3488,4117
3489,4085
3490,3955
3491,4123
3492,3938
3493,3832
3494,3798
3495,3775
3496,3805
3497,3744
3498,3784
3499,3762
3500,3724
3501,3675
3502,3652
3503,3681
3504,3663
3505,3605
3506,3591
3507,3527
3508,3546
3509,3544
3510,3486
3511,3642
3512,3491
3513,3371
3514,3321
3515,3326
3516,3399
3517,3403
3518,3486
3519,3369
3520,3417
3521,3425
3522,3413
3523,3389
3524,3383
3525,3543
3526,3478
3527,3462
3528,3419
3529,3435
3530,3359
3531,3308
3532,3206
3533,3269
3534,3246
3535,3337
3536,3420
3537,3429
3538,3421
3539,3377
3540,3350
3541,3328
3542,3415
3543,3447
3544,3482
3545,3575
3546,3584
3547,3630
3548,3762
3549,3765
3550,3850
3551,3850
3552,3792
3553,3735
3554,3758
3555,3547
3556,3495
3557,3527
3558,3628
3559,3601
3560,3640
3561,3617
3562,3649
3563,3608
3564,3592
3565,3681
3566,3662
3567,3696
3568,3711
3569,3609
3570,3547
3571,3462
3572,3522
3573,3626
3574,3490
3575,3399
3576,3441
3577,3470
3578,3466
3579,3492
3580,3403
3581,3414
3582,3470
3583,3451
3584,3478
3585,3327
3586,3279
3587,3365
3588,3414
3589,3306
3590,3142
3591,3165
3592,3149
3593,3289
3594,3272
3595,3288
3596,3302
3597,3378
3598,3303
3599,3327
3600,3352
3601,3430
3602,3427
3603,3347
3604,3306
3605,3313
3606,3268
3607,3223
3608,3156
3609,3291
3610,3316
3611,3383
3612,3370
3613,3329
3614,3240
3615,3240
3616,3238
3617,3189
3618,3225
3619,3353
3620,3400
3621,3376
3622,3467
3623,3422
3624,3380
3625,3353
3626,3277
3627,3236
3628,3324
3629,3289
3630,3520
3631,3492
3632,3608
3633,3594
3634,3648
3635,3557
3636,3500
3637,3470
3638,3440
3639,3493
3640,3409
3641,3373
3642,3294
3643,3394
3644,3310
3645,3331
3646,3383
3647,3335
3648,3293
3649,3234
3650,3379
3651,3387
3652,3394
3653,3449
3654,3464
3655,3392
3656,3394
3657,3430
3658,3228
3659,3220
3660,3295
3661,3258
3662,3246
3663,3177
3664,3195
3665,3094
3666,3078
3667,3123
3668,3009
3669,3040
3670,3020
3671,2928
3672,2775
3673,2847
3674,2867
3675,2873
3676,2890
3677,2972
3678,2979
3679,2946
3680,2934
3681,2908
3682,2968
3683,2904
3684,2914
3685,2884
3686,2845
3687,2779
3688,2759
3689,2781
3690,2678
3691,2745
3692,2794
3693,2737
3694,2754
3695,2841
3696,2805
3697,2767
3698,2687
3699,2724
3700,2721
3701,2687
3702,2729
3703,2587
3704,2602
3705,2637
3706,2577
3707,2554
3708,2514
3709,2532
3710,2541
3711,2596
3712,2573
3713,2579
3714,2585
3715,2586
3716,2624
3717,2685
3718,2639
3719,2669
3720,2660
3721,2552
3722,2400
3723,2508
3724,2536
3725,2507
3726,2461
3727,2490
3728,2561
3729,2635
3730,2530
3731,2567
3732,2540
3733,2514
3734,2474
3735,2494
3736,2530
3737,2528
3738,2527
3739,2530
3740,2502
3741,2455
3742,2447
3743,2403
3744,2381
3745,2362
3746,2357
3747,2348
3748,2254
3749,2363
3750,2344
3751,2383
3752,2377
3753,2459
3754,2403
3755,2422
3756,2475
3757,2434
3758,2444
3759,2502
3760,2549
3761,2643
3762,2560
3763,2627
3764,2629
3765,2521
3766,2508
3767,2509
3768,2487
3769,2499
3770,2446
3771,2434
3772,2344
3773,2335
3774,2318
3775,2282
3776,2240
3777,2362
3778,2298
3779,2392
3780,2270
3781,2279
3782,2362
3783,2352
3784,2455
3785,2525
3786,2566
3787,2693
3788,2584
3789,2555
3790,2534
3791,2561
3792,2527
3793,2544
3794,2508
3795,2498
3796,2494
3797,2435
3798,2477
3799,2455
3800,2484
3801,2301
3802,2354
3803,2366
3804,2407
3805,2407
3806,2502
3807,2473
3808,2453
3809,2554
3810,2648
3811,2674
3812,2688
3813,2737
3814,2757
3815,2834
3816,2932
3817,2862
3818,2781
3819,2738
3820,2687
3821,2743
3822,2799
3823,2714
3824,2626
3825,2667
3826,2610
3827,2543
3828,2675
3829,2671
3830,2783
3831,2808
3832,2760
3833,2767
3834,2814
3835,2740
3836,2812
3837,2769
3838,2723
3839,2838
3840,2759
3841,2704
3842,2821
3843,2861
3844,2892
3845,2932
3846,2979
3847,2951
3848,2979
3849,3009
3850,3007
3851,2999
3852,3023
3853,3021
3854,3082
3855,3085
3856,2950
3857,2907
3858,2812
3859,2961
3860,2963
3861,3111
3862,3142
3863,3056
3864,2983
3865,3052
3866,3248
3867,3216
3868,3270
3869,3257
3870,3396
3871,3428
3872,3390
3873,3298
3874,3309
3875,3426
3876,3388
3877,3350
3878,3423
3879,3262
3880,3274
3881,3228
3882,3302
3883,3324
3884,3359
3885,3298
3886,3380
3887,3260
3888,3283
3889,3331
3890,3245
3891,3327
3892,3341
3893,3323
3894,3200
3895,3156
3896,3194
3897,3281
3898,3178
3899,3040
3900,3016
3901,3016
3902,3049
3903,3049
3904,3229
3905,3243
3906,3322
3907,3310
3908,3281
3909,3252
3910,3243
3911,3124
3912,3119
3913,3212
3914,3169
3915,3264
3916,3143
3917,3103
3918,3121
3919,3227
3920,3191
3921,3100
3922,3110
3923,3015
3924,3021
3925,3150
3926,3140
3927,3173
3928,3116
3929,3051
3930,3054
3931,3084
3932,3043
3933,3203
3934,3247
3935,3157
3936,3186
3937,3161
3938,2990
3939,3047
3940,2993
3941,2986
3942,2967
3943,2932
3944,2974
3945,2823
3946,2918
3947,2904
3948,3021
3949,3010
3950,2997
3951,2987
3952,3038
3953,2994
3954,2924
3955,2924
3956,2970
3957,2918
3958,2984
3959,2996
3960,3034
3961,3021
3962,3037
3963,3039
3964,3061
3965,2991
3966,2922
3967,2790
3968,2799
3969,2793
3970,2803
3971,2804
3972,2866
3973,2856
3974,2774
3975,2907
3976,2906
3977,2892
3978,2899
3979,3048
3980,2986
3981,2972
3982,2942
3983,2954
3984,3005
3985,2964
3986,2937
3987,3060
3988,3104
3989,3082
3990,3033
3991,3017
3992,3013
3993,2953
3994,2924
3995,2967
3996,2891
3997,2646
3998,2687
3999,2663
4000,2647
4001,2621
4002,2820
4003,2760
4004,2769
4005,2813
4006,2836
4007,2710
4008,2763
4009,2914
4010,2929
4011,2801
4012,2795
4013,2899
4014,2808
4015,2781
4016,2687
4017,2631
4018,2670
4019,2730
4020,2782
4021,2819
4022,2797
4023,2841
4024,2824
4025,2762
4026,2748
4027,2679
4028,2659
4029,2708
4030,2556
4031,2602
4032,2553
4033,2578
4034,2492
4035,2542
4036,2521
4037,2565
4038,2619
4039,2693
4040,2688
4041,2715
4042,2827
4043,2968
4044,2852
4045,2883
4046,3008
4047,3003
4048,3007
4049,2991
4050,3105
4051,3334
4052,3413
4053,3388
4054,3474
4055,3428
4056,3426
4057,3318
4058,3405
4059,3348
4060,3434
4061,3440
4062,3420
4063,3400
4064,3348
4065,3379
4066,3426
4067,3477
4068,3707
4069,3753
4070,3772
4071,3821
4072,3797
4073,3819
4074,3763
4075,3758
4076,3826
4077,3666
4078,3769
4079,3749
4080,3655
4081,3545
4082,3609
4083,3757
4084,3710
4085,3695
4086,3658
4087,3712
4088,3823
4089,3836
4090,3804
4091,3886
4092,4063
4093,3986
4094,3910
4095,3855
4096,3828
4097,3747
4098,3907
4099,3924
4100,3868
4101,3834
4102,3642
4103,3541
4104,3720
4105,3709
4106,3916
4107,3928
4108,3923
4109,3999
4110,3783
4111,3888
4112,3926
4113,3939
4114,3971
4115,3898
4116,3884
4117,3961
4118,3975
4119,3998
4120,3894
4121,3810
4122,3844
4123,3993
4124,4037
4125,4058
4126,3882
4127,3875
4128,3842
4129,3918
4130,4205
4131,4191
4132,4113
4133,4101
4134,4018
4135,3880
4136,3773
4137,3840
4138,3788
4139,3732
4140,3905
4141,3976
4142,4031
4143,3966
4144,3931
4145,3798
4146,3802
4147,3793
4148,3703
4149,3636
4150,3686
4151,3596
4152,3437
4153,3322
4154,3340
4155,3356
4156,3290
4157,3180
4158,3134
4159,3228
4160,3185
4161,3105
4162,3167
4163,3105
4164,3026
4165,3105
4166,3089
4167,2994
4168,3107
4169,3034
4170,2959
4171,3063
4172,3050
4173,2982
4174,2942
4175,3085
4176,3190
4177,3104
4178,3060
4179,3182
4180,3297
4181,3110
4182,3158
4183,3118
4184,3124
4185,3062
4186,3095
4187,3081
4188,3098
4189,3209
4190,3270
4191,3298
4192,3155
4193,3237
4194,3177
4195,3255
4196,3209
4197,3139
4198,3137
4199,3097
4200,3133
4201,3187
4202,3158
4203,3136
4204,3174
4205,3099
4206,3026
4207,2997
4208,2919
4209,2816
4210,2676
4211,2768
4212,2737
4213,2710
4214,2712
4215,2718
4216,2686
4217,2723
4218,2640
4219,2777
4220,2731
4221,2790
4222,2749
4223,2773
4224,2764
4225,2774
4226,2833
4227,2879
4228,2931
4229,2803
4230,2873
4231,2899
4232,2889
4233,2847
4234,2798
4235,2761
4236,2716
4237,2717
4238,2882
4239,2804
4240,2803
4241,2742
4242,2578
4243,2525
4244,2540
4245,2458
4246,2534
4247,2602
4248,2587
4249,2611
4250,2622
4251,2709
4252,2676
4253,2667
4254,2651
4255,2598
4256,2698
4257,2573
4258,2489
4259,2466
4260,2407
4261,2428
4262,2381
4263,2384
4264,2416
4265,2406
4266,2348
4267,2487
4268,2409
4269,2404
4270,2306
4271,2317
4272,2364
4273,2372
4274,2344
4275,2375
4276,2352
4277,2300
4278,2261
4279,2163
4280,2231
4281,2189
4282,2196
4283,2097
4284,2112
4285,2127
4286,2092
4287,2143
4288,2262
4289,2200
4290,2210
4291,2112
4292,2152
4293,2099
4294,2059
4295,2133
4296,2068
4297,2163
4298,2153
4299,2117
4300,2178
4301,2252
4302,2189
4303,2047
4304,2088
4305,2166
4306,2241
4307,2348
4308,2317
4309,2220
4310,2134
4311,2226
4312,2268
4313,2246
4314,2166
4315,2225
4316,2128
4317,2113
4318,2059
4319,2103
4320,2128
4321,2175
4322,2187
4323,2245
4324,2343
4325,2421
4326,2345
4327,2364
4328,2337
4329,2255
4330,2353
4331,2483
4332,2520
4333,2564
4334,2486
4335,2485
4336,2484
4337,2430
4338,2323
4339,2520
4340,2595
4341,2751
4342,2790
4343,2711
4344,2804
4345,2805
4346,2820
4347,2845
4348,2852
4349,2779
4350,2752
4351,2663
4352,2666
4353,2732
4354,2665
4355,2657
4356,2676
4357,2585
4358,2647
4359,2570
4360,2533
4361,2632
4362,2578
4363,2583
4364,2553
4365,2552
4366,2477
4367,2500
4368,2414
4369,2504
4370,2437
4371,2510
4372,2429
4373,2348
4374,2398
4375,2342
4376,2284
4377,2305
4378,2324
4379,2307
4380,2260
4381,2341
4382,2408
4383,2413
4384,2443
4385,2383
4386,2348
4387,2320
4388,2305
4389,2293
4390,2331
4391,2391
4392,2360
4393,2403
4394,2440
4395,2452
4396,2417
4397,2423
4398,2507
4399,2466
4400,2474
4401,2475
4402,2528
4403,2620
4404,2596
4405,2649
4406,2715
4407,2797
4408,2788
4409,2895
4410,2929
4411,2982
4412,2930
4413,2795
4414,2808
4415,2813
4416,2759
4417,2782
4418,2732
4419,2709
4420,2716
4421,2621
4422,2647
4423,2622
4424,2602
4425,2626
4426,2550
4427,2549
4428,2564
4429,2516
4430,2591
4431,2554
4432,2693
4433,2706
4434,2724
4435,2749
4436,2789
4437,2787
4438,2763
4439,2658
4440,2805
4441,2790
4442,2713
4443,2721
4444,2700
4445,2651
4446,2648
4447,2707
4448,2720
4449,2744
4450,2694
4451,2629
4452,2685
4453,2748
4454,2828
4455,2798
4456,2775
4457,2904
4458,2858
4459,2918
4460,2794
4461,2780
4462,2738
4463,2758
4464,2707
4465,2675
4466,2739
4467,2831
4468,2653
4469,2548
4470,2508
4471,2474
4472,2420
4473,2523
4474,2472
4475,2454
4476,2491
4477,2590
4478,2591
4479,2533
4480,2462
4481,2499
4482,2421
4483,2408
4484,2468
4485,2584
4486,2465
4487,2426
4488,2452
4489,2459
4490,2545
4491,2443
4492,2474
4493,2468
4494,2487
4495,2369
4496,2491
4497,2576
4498,2582
4499,2555
4500,2504
4501,2684
4502,2703
4503,2812
4504,2832
4505,2822
4506,2819
4507,2755
4508,2725
4509,2645
4510,2636
4511,2539
4512,2593
4513,2667
4514,2606
4515,2593
4516,2501
4517,2502
4518,2436
4519,2392
4520,2506
4521,2370
4522,2323
4523,2373
4524,2385
4525,2448
4526,2451
4527,2451
4528,2356
4529,2428
4530,2397
4531,2388
4532,2281
4533,2243
4534,2302
4535,2327
4536,2322
4537,2418
4538,2331
4539,2388
4540,2336
4541,2365
4542,2302
4543,2286
4544,2274
4545,2331
4546,2292
4547,2397
4548,2279
4549,2317
4550,2286
4551,2183
4552,2285
4553,2286
4554,2383
4555,2316
4556,2339
4557,2475
4558,2491
4559,2480
4560,2465
4561,2511
4562,2538
4563,2680
4564,2663
4565,2740
4566,2802
4567,2733
4568,2733
4569,2874
4570,2922
4571,2943
4572,2982
4573,3009
4574,3041
4575,3037
4576,3099
4577,3065
4578,3071
4579,3078
4580,3070
4581,3229
4582,3271
4583,3263
4584,3379
4585,3363
4586,3349
4587,3394
4588,3388
4589,3421
4590,3360
4591,3259
4592,3151
4593,3134
4594,3215
4595,3163
4596,3092
4597,2951
4598,3080
4599,3089
4600,3078
4601,3228
4602,3261
4603,3228
4604,3433
4605,3500
4606,3533
4607,3549
4608,3491
4609,3412
4610,3525
4611,3596
4612,3659
4613,3656
4614,3603
4615,3586
4616,3555
4617,3530
4618,3574
4619,3477
4620,3460
4621,3481
4622,3428
4623,3443
4624,3519
4625,3457
4626,3510
4627,3523
4628,3387
4629,3411
4630,3482
4631,3301
4632,3225
4633,3307
4634,3465
4635,3519
4636,3469
4637,3602
4638,3630
4639,3583
4640,3529
4641,3641
4642,3653
4643,3611
4644,3563
4645,3699
4646,3791
4647,3786
4648,3787
4649,3620
4650,3631
4651,3621
4652,3537
4653,3480
4654,3308
4655,3323
4656,3253
4657,3186
4658,3257
4659,3353
4660,3334
4661,3296
4662,3227
4663,3299
4664,3337
4665,3324
4666,3384
4667,3363
4668,3279
4669,3146
4670,3068
4671,3047
4672,2986
4673,2880
4674,2876
4675,2901
4676,2977
4677,2861
4678,2913
4679,2815
4680,2868
4681,2831
4682,2695
4683,2687
4684,2758
4685,2787
4686,2734
4687,2837
4688,2909
4689,2930
4690,3038
4691,2933
4692,2969
4693,2872
4694,2815
4695,2812
4696,2729
4697,2754
4698,2863
4699,2882
4700,2894
4701,2924
4702,3022
4703,3015
4704,2968
4705,2986
4706,3111
4707,3024
4708,2955
4709,2839
4710,2820
4711,2816
4712,2930
4713,3098
4714,3066
4715,3056
4716,3020
4717,3159
4718,3262
4719,3147
4720,3167
4721,3082
4722,3124
4723,2993
4724,2882
4725,2901
4726,2964
4727,2953
4728,2840
4729,3072
4730,3092
4731,3140
4732,3105
4733,3083
4734,3174
4735,3299
4736,3359
4737,3442
4738,3445
4739,3498
4740,3444
4741,3366
4742,3544
4743,3659
4744,3824
4745,3858
4746,3722
4747,3718
4748,3670
4749,3716
4750,3652
4751,3719
4752,3646
4753,3739
4754,3797
4755,3826
4756,3831
4757,3909
4758,3857
4759,3856
4760,3917
4761,3861
4762,3872
4763,3918
4764,3756
4765,3642
4766,3554
4767,3565
4768,3568
4769,3669
4770,3735
4771,3637
4772,3532
4773,3610
4774,3709
4775,3606
4776,3464
4777,3320
4778,3269
4779,3249
4780,3285
4781,3222
4782,3145
4783,3164
4784,3258
4785,3304
4786,3348
4787,3319
4788,3319
4789,3252
4790,3243
4791,3270
4792,3262
4793,3236
4794,3289
4795,3281
4796,3259
4797,3404
4798,3380
4799,3379
4800,3373
4801,3355
4802,3454
4803,3479
4804,3494
4805,3384
4806,3362
4807,3344
4808,3342
4809,3211
4810,3333
4811,3383
4812,3324
4813,3307
4814,3387
4815,3454
4816,3521
4817,3629
4818,3547
4819,3472
4820,3637
4821,3578
4822,3583
4823,3492
4824,3535
4825,3556
4826,3645
4827,3546
4828,3440
4829,3529
4830,3518
4831,3438
4832,3416
4833,3528
4834,3569
4835,3799
4836,3848
4837,3876
4838,3794
4839,3807
4840,3742
4841,3753
4842,3756
4843,3689
4844,3663
4845,3568
4846,3591
4847,3507
4848,3473
4849,3529
4850,3558
4851,3500
4852,3526
4853,3554
4854,3533
4855,3492
4856,3530
4857,3595
4858,3677
4859,3689
4860,3569
4861,3501
4862,3420
4863,3189
4864,3310
4865,3343
4866,3469
4867,3519
4868,3588
4869,3418
4870,3519
4871,3453
4872,3480
4873,3504
4874,3462
4875,3551
4876,3506
4877,3566
4878,3464
4879,3513
4880,3526
4881,3500
4882,3469
4883,3534
4884,3645
4885,3734
4886,3720
4887,3705
4888,3664
4889,3544
4890,3517
4891,3556
4892,3596
4893,3422
4894,3460
4895,3438
4896,3479
4897,3502
4898,3517
4899,3493
4900,3494
4901,3489
4902,3496
4903,3544
4904,3643
4905,3787
4906,3773
4907,3701
4908,3620
4909,3503
4910,3467
4911,3564
4912,3517
4913,3466
4914,3449
4915,3467
4916,3349
4917,3329
4918,3622
4919,3640
4920,3646
4921,3668
4922,3769
4923,3683
4924,3762
4925,3629
4926,3700
4927,3642
4928,3636
4929,3750
4930,3760
4931,3805
4932,3845
4933,3910
4934,3827
4935,4070
4936,4060
4937,4056
4938,4131
4939,4033
4940,4052
4941,4119
4942,4099
4943,4199
4944,4231
4945,4375
4946,4305
4947,4327
4948,4294
4949,4232
4950,4110
4951,4078
4952,4134
4953,4070
4954,4138
4955,3953
4956,4001
4957,3976
4958,3956
4959,3889
4960,3967
4961,3963
4962,3918
4963,4002
4964,4090
4965,4159
4966,4070
4967,4081
4968,4036
4969,4056
4970,3994
4971,4023
4972,3973
4973,3996
4974,3850
4975,3747
4976,3825
4977,3855
4978,3810
4979,3683
4980,3730
4981,3795
4982,3744
4983,3750
4984,3732
4985,3668
4986,3612
4987,3446
4988,3435
4989,3423
4990,3504
4991,3546
4992,3629
4993,3548
4994,3524
4995,3527
4996,3466
4997,3455
4998,3504
4999,3535
5000,3396
5001,3379
5002,3242
5003,3196
5004,3241
5005,3424
5006,3468
5007,3512
5008,3599
5009,3597
5010,3574
5011,3605
5012,3597
5013,3536
5014,3507
5015,3526
5016,3528
5017,3515
5018,3488
5019,3333
5020,3316
5021,3323
5022,3343
5023,3386
5024,3308
5025,3324
5026,3391
5027,3397
5028,3353
5029,3325
5030,3106
5031,3273
5032,3187
5033,3092
5034,2959
5035,3016
5036,2951
5037,3051
5038,3002
5039,2906
5040,2996
5041,3004
5042,3049
5043,3128
5044,3059
5045,3168
5046,3138
5047,3116
5048,3071
5049,2961
5050,2895
5051,2827
5052,2685
5053,2891
5054,2867
5055,2892
5056,2953
5057,2861
5058,2832
5059,2901
5060,2971
5061,3031
5062,3091
5063,3142
5064,3231
5065,3248
5066,3379
5067,3313
5068,3277
5069,3219
5070,3284
5071,3402
5072,3457
5073,3445
5074,3462
5075,3473
5076,3385
5077,3328
5078,3395
5079,3369
5080,3447
5081,3552
5082,3450
5083,3401
5084,3422
5085,3415
5086,3246
5087,3224
5088,3174
5089,3141
5090,3119
5091,3197
5092,3052
5093,3105
5094,3049
5095,2951
5096,2919
5097,2947
5098,2867
5099,2951
5100,2928
5101,2901
5102,2850
5103,2941
5104,2942
5105,2861
5106,2892
5107,2982
5108,3041
5109,2921
5110,2904
5111,2888
5112,2877
5113,2836
5114,2830
5115,2752
5116,2777
5117,2726
5118,2663
5119,2733
5120,2777
5121,2903
5122,2921
5123,2951
5124,2874
5125,2890
5126,2898
5127,2934
5128,2805
5129,2791
5130,2776
5131,2814
5132,2694
5133,2633
5134,2727
5135,2832
5136,2676
5137,2546
5138,2452
5139,2423
5140,2577
5141,2497
5142,2524
5143,2636
5144,2596
5145,2650
5146,2651
5147,2743
5148,2861
5149,2951
5150,2921
5151,2999
5152,3040
5153,3039
5154,2928
5155,2980
5156,3090
5157,3138
5158,3027
5159,3021
5160,2955
5161,3083
5162,3037
5163,3040
5164,2952
5165,2923
5166,2828
5167,2916
5168,2985
5169,2919
5170,2923
5171,2899
5172,3002
5173,2983
5174,3022
5175,3007
5176,3011
5177,3139
5178,3166
5179,3238
5180,3202
5181,3092
5182,3017
5183,2864
5184,2814
5185,2843
5186,2846
5187,2874
5188,2894
5189,2969
5190,3030
5191,3071
5192,3043
5193,3036
5194,2975
5195,2786
5196,2920
5197,2955
5198,3106
5199,3075
5200,2870
5201,2828
5202,2837
5203,2739
5204,2803
5205,2749
5206,2856
5207,2761
5208,2714
5209,2668
5210,2688
5211,2735
5212,2858
5213,2878
5214,2941
5215,2886
5216,2889
5217,2787
5218,2875
5219,2821
5220,2820
5221,2944
5222,3017
5223,2993
5224,2972
5225,2933
5226,2935
5227,2959
5228,3007
5229,2969
5230,2821
5231,2904
5232,2879
5233,2916
5234,2917
5235,2882
5236,2827
5237,2809
5238,2859
5239,2874
5240,2767
5241,2738
5242,2693
5243,2674
5244,2683
5245,2644
5246,2747
5247,2808
5248,2817
5249,2813
5250,2901
5251,3016
5252,2942
5253,2952
5254,2978
5255,2865
5256,2922
5257,2875
5258,2930
5259,2960
5260,2848
5261,2865
5262,2848
5263,2809
5264,2718
5265,2769
5266,2678
5267,2581
5268,2658
5269,2705
5270,2777
5271,2729
5272,2661
5273,2693
5274,2796
5275,2869
5276,2880
5277,2955
5278,2940
5279,2968
5280,2961
5281,3012
5282,2940
5283,2922
5284,2810
5285,2816
5286,2839
5287,2859
5288,3005
5289,2949
5290,3012
5291,3041
5292,3000
5293,3122
5294,2954
5295,2997
5296,2923
5297,2907
5298,2932
5299,2922
5300,2986
5301,2994
5302,2936
5303,2971
5304,2801
5305,2901
5306,2837
5307,2838
5308,2837
5309,2838
5310,2754
5311,2762
5312,2716
5313,2733
5314,2791
5315,2786
5316,2854
5317,2842
5318,2729
5319,2631
5320,2660
5321,2723
5322,2736
5323,2784
5324,2772
5325,2832
5326,2891
5327,2900
5328,2890
5329,2804
5330,2831
5331,2920
5332,2967
5333,2845
5334,2748
5335,2769
5336,2780
5337,2749
5338,2737
5339,2820
5340,2779
5341,2742
5342,2776
5343,2820
5344,2875
5345,2934
5346,3019
5347,3020
5348,3003
5349,2982
5350,3052
5351,3074
5352,3022
5353,2965
5354,2945
5355,2910
5356,2922
5357,2889
5358,2886
5359,2862
5360,2870
5361,2837
5362,2831
5363,2903
5364,2840
5365,2863
5366,2944
5367,2967
5368,2937
5369,2827
5370,2661
5371,2545
5372,2526
5373,2566
5374,2637
5375,2651
5376,2568
5377,2512
5378,2443
5379,2430
5380,2462
5381,2500
5382,2497
5383,2377
5384,2319
5385,2332
5386,2372
5387,2301
5388,2341
5389,2369
5390,2332
5391,2386
5392,2317
5393,2302
5394,2309
5395,2228
5396,2220
5397,2241
5398,2216
5399,2271
5400,2325
5401,2271
5402,2139
5403,1982
5404,2019
5405,2079
5406,2125
5407,2113
5408,2202
5409,2189
5410,2262
5411,2308
5412,2286
5413,2269
5414,2185
5415,2174
5416,2213
5417,2352
5418,2367
5419,2280
5420,2287
5421,2432
5422,2464
5423,2567
5424,2597
5425,2582
5426,2687
5427,2617
5428,2526
5429,2668
5430,2511
5431,2539
5432,2460
5433,2383
5434,2374
5435,2378
5436,2312
5437,2353
5438,2427
5439,2411
5440,2349
5441,2469
5442,2514
5443,2575
5444,2728
5445,2671
5446,2605
5447,2711
5448,2724
5449,2660
5450,2630
5451,2681
5452,2625
5453,2496
5454,2614
5455,2622
5456,2619
5457,2601
5458,2472
5459,2506
5460,2575
5461,2495
5462,2461
5463,2322
5464,2322
5465,2314
5466,2181
5467,2211
5468,2131
5469,2144
5470,2177
5471,2146
5472,2203
5473,2181
5474,2227
5475,2215
5476,2234
5477,2158
5478,2232
5479,2231
5480,2148
5481,2118
5482,2133
5483,2135
5484,2226
5485,2193
5486,2203
5487,2185
5488,2210
5489,2232
5490,2171
5491,2108
5492,2120
5493,2168
5494,2189
5495,2347
5496,2349
5497,2384
5498,2426
5499,2398
5500,2423
5501,2278
5502,2308
5503,2314
5504,2288
5505,2276
5506,2203
5507,2211
5508,2215
5509,2315
5510,2318
5511,2311
5512,2300
5513,2260
5514,2228
5515,2205
5516,2194
5517,2306
5518,2287
5519,2272
5520,2262
5521,2229
5522,2252
5523,2338
5524,2441
5525,2461
5526,2501
5527,2596
5528,2502
5529,2423
5530,2400
5531,2400
5532,2421
5533,2431
5534,2326
5535,2397
5536,2480
5537,2498
5538,2350
5539,2342
5540,2201
5541,2233
5542,2304
5543,2440
5544,2554
5545,2606
5546,2639
5547,2624
5548,2677
5549,2604
5550,2512
5551,2427
5552,2304
5553,2362
5554,2338
5555,2340
5556,2364
5557,2268
5558,2207
5559,2236
5560,2274
5561,2325
5562,2222
5563,2225
5564,2155
5565,2154
5566,2082
5567,2108
5568,2089
5569,2103
5570,2121
5571,2008
5572,2103
5573,2060
5574,2098
5575,2029
5576,1986
5577,1961
5578,1907
5579,1906
5580,1811
5581,1768
5582,1788
5583,1857
5584,1813
5585,1835
5586,1847
5587,1777
5588,1730
5589,1715
5590,1766
5591,1671
5592,1645
5593,1678
5594,1638
5595,1635
5596,1687
5597,1680
5598,1653
5599,1642
5600,1692
5601,1681
5602,1643
5603,1573
5604,1589
5605,1583
5606,1652
5607,1568
5608,1575
5609,1522
5610,1561
5611,1472
5612,1451
5613,1519
5614,1549
5615,1470
5616,1517
5617,1486
5618,1501
5619,1480
5620,1417
5621,1408
5622,1343
5623,1363
5624,1320
5625,1294
5626,1197
5627,1115
5628,1073
5629,1047
5630,980
5631,1007
5632,1004
5633,1032
5634,1019
5635,1009
5636,999
5637,978
5638,1057
5639,1057
5640,1091
5641,1077
5642,1015
5643,1056
5644,983
5645,1005
5646,1020
5647,1013
5648,965
5649,1001
5650,965
5651,1016
5652,1102
5653,1165
5654,1159
5655,1186
5656,1208
5657,1228
5658,1230
5659,1247
5660,1198
5661,1187
5662,1184
5663,1204
5664,1261
5665,1211
5666,1250
5667,1291
5668,1317
5669,1205
5670,1212
5671,1235
5672,1236
5673,1150
5674,1173
5675,1112
5676,1149
5677,1137
5678,1120
5679,1042
5680,1019
5681,1004
5682,1031
5683,1022
5684,916
5685,926
5686,874
5687,843
5688,928
5689,997
5690,999
5691,891
5692,879
5693,920
5694,965
5695,966
5696,1003
5697,962
5698,928
5699,947
5700,982
5701,1057
5702,1028
5703,984
5704,984
5705,965
5706,931
5707,964
5708,995
5709,919
5710,950
5711,893
5712,892
5713,870
5714,867
5715,835
5716,813
5717,858
5718,927
5719,916
5720,821
5721,826
5722,840
5723,892
5724,925
5725,968
5726,936
5727,994
5728,975
5729,1008
5730,1039
5731,1016
5732,948
5733,938
5734,880
5735,864
5736,844
5737,863
5738,862
5739,827
5740,892
5741,966
5742,941
5743,976
5744,950
5745,946
5746,956
5747,980
5748,952
5749,900
5750,878
5751,894
5752,886
5753,894
5754,864
5755,838
5756,817
5757,853
5758,879
5759,898
5760,877
5761,864
5762,873
5763,880
5764,913
5765,938
5766,909
5767,880
5768,849
5769,804
5770,791
5771,782
5772,805
5773,826
5774,865
5775,811
5776,809
5777,783
5778,827
5779,790
5780,815
5781,751
5782,806
5783,759
5784,755
5785,746
5786,736
5787,749
5788,709
5789,720
5790,748
5791,724
5792,682
5793,737
5794,701
5795,726
5796,654
5797,705
5798,692
5799,628
5800,655
5801,611
5802,613
5803,581
5804,597
5805,640
5806,644
5807,652
5808,661
5809,620
5810,580
5811,577
5812,626
5813,633
5814,617
5815,558
5816,588
5817,583
5818,555
5819,610
5820,582
5821,598
5822,566
5823,570
5824,531
5825,524
5826,469
5827,440
5828,423
5829,445
5830,436
5831,409
5832,400
5833,410
5834,402
5835,387
5836,354
5837,421
5838,402
5839,389
5840,354
5841,383
5842,373
5843,347
5844,331
5845,334
5846,285
5847,304
5848,316
5849,302
5850,287
5851,278
5852,264
5853,258
5854,258
5855,266
5856,276
5857,298
5858,290
5859,271
5860,243
5861,297
5862,301
5863,307
5864,318
5865,308
5866,287
5867,294
5868,285
5869,254
5870,260
5871,283
5872,295
5873,302
5874,294
5875,262
5876,268
5877,272
5878,289
5879,270
5880,248
5881,233
5882,219
5883,206
5884,190
5885,225
5886,205
5887,203
5888,197
5889,193
5890,211
5891,210
5892,189
5893,183
5894,176
5895,149
5896,152
5897,178
5898,173
5899,184
5900,198
5901,177
5902,192
5903,176
5904,181
5905,197
5906,219
5907,215
5908,182
5909,237
5910,241
5911,275
5912,241
5913,236
5914,219
5915,186
5916,211
5917,226
5918,228
5919,226
5920,202
5921,228
5922,239
5923,231
5924,219
5925,246
5926,250
5927,272
5928,253
5929,220
5930,233
5931,236
5932,237
5933,222
5934,195
5935,182
5936,179
5937,196
5938,212
5939,207
5940,199
5941,190
5942,170
5943,170
5944,193
5945,182
5946,182
5947,189
5948,172
5949,193
5950,204
5951,197
5952,208
5953,228
5954,225
5955,225
5956,188
5957,189
5958,233
5959,229
5960,206
5961,233
5962,246
5963,225
5964,200
5965,243
5966,256
5967,271
5968,281
5969,274
5970,250
5971,248
5972,261
5973,289
5974,294
5975,269
5976,266
5977,244
5978,240
5979,286
5980,282
5981,274
5982,279
5983,286
5984,286
5985,288
5986,333
5987,320
5988,298
5989,319
5990,285
5991,326
5992,372
5993,388
5994,407
5995,381
5996,351
5997,315
5998,279
5999,289
6000,314
6001,296
6002,296
6003,268
6004,278
6005,290
6006,317
6007,334
6008,347
6009,350
6010,331
6011,340
6012,359
6013,390
6014,366
6015,382
6016,437
6017,518
6018,496
6019,438
6020,446
6021,442
6022,438
6023,479
6024,501
6025,533
6026,543
6027,566
6028,513
6029,471
6030,439
6031,481
6032,479
6033,503
6034,516
6035,528
6036,551
6037,561
6038,560
6039,597
6040,683
6041,677
6042,668
6043,629
6044,610
6045,632
6046,604
6047,597
6048,585
6049,619
6050,599
6051,621
6052,645
6053,645
6054,662
6055,645
6056,648
6057,636
6058,603
6059,581
6060,536
6061,570
6062,590
6063,628
6064,616
6065,570
6066,567
6067,553
6068,520
6069,502
6070,473
6071,467
6072,476
6073,457
6074,463
6075,403
6076,416
6077,421
6078,407
6079,373
6080,359
6081,347
6082,359
6083,350
6084,364
6085,359
6086,359
6087,415
6088,459
6089,439
6090,446
6091,456
6092,422
6093,391
6094,420
6095,465
6096,418
6097,404
6098,391
6099,356
6100,316
6101,332
6102,303
6103,311
6104,311
6105,302
6106,282
6107,256
6108,286
6109,284
6110,268
6111,279
6112,272
6113,227
6114,217
6115,241
6116,224
6117,220
6118,227
6119,240
6120,254
6121,239
6122,225
6123,216
6124,237
6125,217
6126,217
6127,214
6128,240
6129,239
6130,225
6131,240
6132,231
6133,188
6134,188
6135,175
6136,176
6137,191
6138,192
6139,201
6140,184
6141,200
6142,182
6143,179
6144,202
6145,209
6146,245
6147,245
6148,210
6149,177
6150,145
6151,109
6152,115
6153,115
6154,125
6155,146
6156,129
6157,125
6158,108
6159,139
6160,141
6161,151
6162,136
6163,116
6164,117
6165,134
6166,123
6167,122
6168,105
6169,73
6170,72
6171,64
6172,48
6173,41
6174,42
6175,45
6176,33
6177,34
6178,25
6179,42
6180,50
6181,37
6182,21
6183,21
6184,23
6185,15
6186,19
6187,26
6188,30
6189,23
6190,22
6191,31
6192,22
6193,15
6194,15
6195,29
6196,18
6197,27
6198,48
6199,51
6200,53
6201,44
6202,43
6203,51
6204,60
6205,53
6206,44
6207,37
6208,34
6209,36
6210,41
6211,41
6212,46
6213,57
6214,51
6215,57
6216,71
6217,98
6218,90
6219,97
6220,97
6221,85
6222,79
6223,73
6224,76
6225,76
6226,53
6227,57
6228,40
6229,31
6230,46
6231,47
6232,48
6233,35
6234,31
6235,30
6236,29
6237,22
6238,34
6239,43
6240,39
6241,22
6242,9
6243,7
6244,1
6245,1
6246,0
6247,0
6248,0
6249,0
6250,0
6251,0
6252,0
6253,0
6254,0
6255,0
6256,0
6257,0
6258,0
6259,0
6260,0
6261,0
6262,0
6263,0
6264,0
6265,0
6266,0
6267,0
6268,0
6269,0
6270,0
6271,0
6272,0
6273,0
6274,0
6275,0
6276,0
6277,0
6278,0
6279,0
6280,0
6281,0
6282,0
6283,0
6284,0
6285,0
6286,0
6287,0
6288,0
6289,0
6290,0
6291,0
6292,0
6293,0
6294,0
6295,0
6296,0
6297,0
6298,0
6299,0
6300,0
6301,0
6302,0
6303,0
6304,0
6305,0
6306,0
6307,0
6308,0
6309,0
6310,0
6311,0
6312,0
6313,0
6314,0
6315,0
6316,0
6317,0
6318,0
6319,0
6320,0
6321,0
6322,0
6323,0
6324,0
6325,0
6326,0
6327,0
6328,0
6329,0
6330,0
6331,0
6332,0
6333,0
6334,0
6335,0
6336,0
6337,0
6338,0
6339,0
6340,0
6341,0
6342,0
6343,0
6344,0
6345,0
6346,0
6347,0
6348,0
6349,0
6350,0
6351,0
6352,0
6353,0
6354,0
6355,0
6356,0
6357,0
6358,0
6359,0
6360,0
6361,0
6362,0
6363,0
6364,0
6365,0
6366,0
6367,0
6368,0
6369,0
6370,0
6371,0
6372,0
6373,0
6374,0
6375,0
6376,0
6377,0
6378,0
6379,0
6380,0
6381,0
6382,0
6383,0
6384,0
6385,0
6386,0
6387,0
6388,0
6389,0
6390,0
6391,0
6392,0
6393,0
6394,0
6395,0
6396,0
6397,0
6398,0
6399,0
6400,0
6401,0
6402,0
6403,0
6404,0
6405,0
6406,0
6407,0
6408,0
6409,0
6410,0
6411,0
6412,0
6413,0
6414,0
6415,0
6416,0
6417,0
6418,0
6419,0
6420,0
6421,0
6422,0
6423,0
6424,0
6425,0
6426,0
6427,0
6428,0
6429,0
6430,0
6431,0
6432,0
6433,0
6434,0
6435,0
6436,0
6437,0
6438,0
6439,0
6440,0
6441,0
6442,0
6443,0
6444,0
6445,0
6446,0
6447,0
6448,0
6449,0
6450,0
6451,0
6452,0
6453,0
6454,0
6455,0
6456,0
6457,0
6458,0
6459,0
6460,0
6461,0
6462,0
6463,0
6464,0
6465,0
6466,0
6467,0
6468,0
6469,0
6470,0
6471,0
6472,0
6473,0
6474,0
6475,0
6476,0
6477,0
6478,0
6479,0
6480,0
6481,0
6482,0
6483,0
6484,0
6485,0
6486,0
6487,0
6488,0
6489,0
6490,0
6491,0
6492,0
6493,0
6494,0
6495,0
6496,0
6497,0
6498,0
6499,0
6500,0
6501,0
6502,0
6503,0
6504,0
6505,0
6506,0
6507,0
6508,0
6509,0
6510,0
6511,0
6512,0
6513,0
6514,0
6515,0
6516,0
6517,0
6518,0
6519,0
6520,0
6521,0
6522,0
6523,0
6524,0
6525,0
6526,0
6527,0
6528,0
6529,0
6530,0
6531,0
6532,0
6533,0
6534,0
6535,0
6536,0
6537,0
6538,0
6539,0
6540,0
6541,0
6542,0
6543,0
6544,0
6545,0
6546,0
6547,0
6548,0
6549,0
6550,0
6551,0
6552,0
6553,0
6554,0
6555,0
6556,0
6557,0
6558,0
6559,0
6560,0
6561,0
6562,0
6563,0
6564,0
6565,0
6566,0
6567,0
6568,0
6569,0
6570,0
6571,0
6572,0
6573,0
6574,0
6575,0
6576,0
6577,0
6578,0
6579,0
6580,0
6581,0
6582,0
6583,0
6584,0
6585,0
6586,0
6587,0
6588,0
6589,0
6590,0
6591,0
6592,0
6593,0
6594,0
6595,0
6596,0
6597,0
6598,0
6599,0
6600,0
6601,0
6602,0
6603,0
6604,0
6605,0
6606,0
6607,0
6608,0
6609,0
6610,0
6611,0
6612,0
6613,0
6614,0
6615,0
6616,0
6617,0
6618,0
6619,0
6620,0
6621,0
6622,0
6623,0
6624,0
6625,0
6626,0
6627,0
6628,0
6629,0
6630,0
6631,0
6632,0
6633,0
6634,0
6635,0
6636,0
6637,0
6638,0
6639,0
6640,0
6641,0
6642,0
6643,0
6644,0
6645,0
6646,0
6647,0
6648,0
6649,0
6650,0
6651,0
6652,0
6653,0
6654,0
6655,0
6656,0
6657,0
6658,0
6659,0
6660,0
6661,0
6662,0
6663,0
6664,0
6665,0
6666,0
6667,0
6668,0
6669,0
6670,0
6671,0
6672,0
6673,0
6674,0
6675,0
6676,0
6677,0
6678,0
6679,0
6680,0
6681,0
6682,0
6683,0
6684,0
6685,0
6686,0
6687,0
6688,0
6689,0
6690,0
6691,0
6692,0
6693,0
6694,0
6695,0
6696,0
6697,0
6698,0
6699,0
6700,0
6701,0
6702,0
6703,0
6704,0
6705,0
6706,0
6707,0
6708,0
6709,0
6710,0
6711,0
6712,0
6713,0
6714,0
6715,0
6716,0
6717,0
6718,0
6719,0
6720,0
6721,0
6722,0
6723,0
6724,0
6725,0
6726,0
6727,0
6728,0
6729,0
6730,0
6731,0
6732,0
6733,0
6734,0
6735,0
6736,0
6737,0
6738,0
6739,0
6740,0
6741,0
6742,0
6743,0
6744,0
6745,0
6746,0
6747,0
6748,0
6749,0
6750,0
6751,0
6752,0
6753,0
6754,0
6755,0
6756,0
6757,0
6758,0
6759,0
6760,0
6761,0
6762,0
6763,0
6764,0
6765,0
6766,0
6767,0
6768,0
6769,0
6770,0
6771,0
6772,0
6773,0
6774,0
6775,0
6776,0
6777,0
6778,0
6779,0
6780,0
6781,0
6782,0
6783,0
6784,0
6785,0
6786,0
6787,0
6788,0
6789,0
6790,0
6791,0
6792,0
6793,0
6794,0
6795,0
6796,0
6797,0
6798,0
6799,0
6800,0
6801,0
6802,0
6803,0
6804,0
6805,0
6806,0
6807,0
6808,0
6809,0
6810,0
6811,0
6812,0
6813,0
6814,0
6815,0
6816,0
6817,0
6818,0
6819,0
6820,0
6821,0
6822,0
6823,0
6824,0
6825,0
6826,0
6827,0
6828,0
6829,0
6830,0
6831,0
6832,0
6833,0
6834,0
6835,0
6836,0
6837,0
6838,0
6839,0
6840,0
6841,0
6842,0
6843,0
6844,0
6845,0
6846,0
6847,0
6848,0
6849,0
6850,0
6851,0
6852,0
6853,0
6854,0
6855,0
6856,0
6857,0
6858,0
6859,0
6860,0
6861,0
6862,0
6863,0
6864,0
6865,0
6866,0
6867,0
6868,0
6869,0
6870,0
6871,0
6872,0
6873,0
6874,0
6875,0
6876,0
6877,0
6878,0
6879,0
6880,0
6881,0
6882,0
6883,0
6884,0
6885,0
6886,0
6887,0
6888,0
6889,0
6890,0
6891,0
6892,0
6893,0
6894,0
6895,0
6896,0
6897,0
6898,0
6899,0
6900,0
6901,0
6902,0
6903,0
6904,0
6905,0
6906,0
6907,0
6908,0
6909,0
6910,0
6911,0
6912,0
6913,0
6914,0
6915,0
6916,0
6917,0
6918,0
6919,0
6920,0
6921,0
6922,0
6923,0
6924,0
6925,0
6926,0
6927,0
6928,0
6929,0
6930,0
6931,0
6932,0
6933,0
6934,0
6935,0
6936,0
6937,0
6938,0
6939,0
6940,0
6941,0
6942,0
6943,0
6944,0
6945,0
6946,0
6947,0
6948,0
6949,0
6950,0
6951,0
6952,0
6953,0
6954,0
6955,0
6956,0
6957,0
6958,0
6959,0
6960,0
6961,0
6962,0
6963,0
6964,0
6965,0
6966,0
6967,0
6968,0
6969,0
6970,0
6971,0
6972,0
6973,0
6974,0
6975,0
6976,0
6977,0
6978,0
6979,0
6980,0
6981,0
6982,0
6983,0
6984,0
6985,0
6986,0
6987,0
6988,0
6989,0
6990,0
6991,0
6992,0
6993,0
6994,0
6995,0
6996,0
6997,0
6998,0
6999,0
7000,0
7001,0
7002,0
7003,0
7004,0
7005,0
7006,0
7007,0
7008,0
7009,0
7010,0
7011,0
7012,0
7013,0
7014,0
7015,0
7016,0
7017,0
7018,0
7019,0
7020,0
7021,0
7022,0
7023,0
7024,0
7025,0
7026,0
7027,0
7028,0
7029,0
7030,0
7031,0
7032,0
7033,0
7034,0
7035,0
7036,0
7037,0
7038,0
7039,0
7040,0
7041,0
7042,0
7043,0
7044,0
7045,0
7046,0
7047,0
7048,0
7049,0
7050,0
7051,0
7052,0
7053,0
7054,0
7055,0
7056,0
7057,0
7058,0
7059,0
7060,0
7061,0
7062,0
7063,0
7064,0
7065,0
7066,0
7067,0
7068,0
7069,0
7070,0
7071,0
7072,0
7073,0
7074,0
7075,0
7076,0
7077,0
7078,0
7079,0
7080,0
7081,0
7082,0
7083,0
7084,0
7085,0
7086,0
7087,0
7088,0
7089,0
7090,0
7091,0
7092,0
7093,0
7094,0
7095,0
7096,0
7097,0
7098,0
7099,0
7100,0
7101,0
7102,0
7103,0
7104,0
7105,0
7106,0
7107,0
7108,0
7109,0
7110,0
7111,0
7112,0
7113,0
7114,0
7115,0
7116,0
7117,0
7118,0
7119,0
7120,0
7121,0
7122,0
7123,0
7124,0
7125,0
7126,0
7127,0
7128,0
7129,0
7130,0
7131,0
7132,0
7133,0
7134,0
7135,0
7136,0
7137,0
7138,0
7139,0
7140,0
7141,0
7142,0
7143,0
7144,0
7145,0
7146,0
7147,0
7148,0
7149,0
7150,0
7151,0
7152,0
7153,0
7154,0
7155,0
7156,0
7157,0
7158,0
7159,0
7160,0
7161,0
7162,0
7163,0
7164,0
7165,0
7166,0
7167,0
7168,0
7169,0
7170,0
7171,0
7172,0
7173,0
7174,0
7175,0
7176,0
7177,0
7178,0
7179,0
7180,0
7181,0
7182,0
7183,0
7184,0
7185,0
7186,0
7187,0
7188,0
7189,0
7190,0
7191,0
7192,0
7193,0
7194,0
7195,0
7196,0
7197,0
7198,0
7199,0
7200,0
7201,0
7202,0
7203,0
7204,0
7205,0
7206,0
7207,0
7208,0
7209,0
7210,0
7211,0
7212,0
7213,0
7214,0
7215,0
7216,0
7217,0
7218,0
7219,0
7220,0
7221,0
7222,0
7223,0
7224,0
7225,0
7226,0
7227,0
7228,0
7229,0
7230,0
7231,0
7232,0
7233,0
7234,0
7235,0
7236,0
7237,0
7238,0
7239,0
7240,0
7241,0
7242,0
7243,0
7244,0
7245,0
7246,0
7247,0
7248,0
7249,0
7250,0
7251,0
7252,0
7253,0
7254,0
7255,0
7256,0
7257,0
7258,0
7259,0
7260,0
7261,0
7262,0
7263,0
7264,0
7265,0
7266,0
7267,0
7268,0
7269,0
7270,0
7271,0
7272,0
7273,0
7274,0
7275,0
7276,0
7277,0
7278,0
7279,0
7280,0
7281,0
7282,0
7283,0
7284,0
7285,0
7286,0
7287,0
7288,0
7289,0
7290,0
7291,0
7292,0
7293,0
7294,0
7295,0
7296,0
7297,0
7298,0
7299,0
7300,0
7301,0
7302,0
7303,0
7304,0
7305,0
7306,0
7307,0
7308,0
7309,0
7310,0
7311,0
7312,0
7313,0
7314,0
7315,0
7316,0
7317,0
7318,0
7319,0
7320,0
7321,0
7322,0
7323,0
7324,0
7325,0
7326,0
7327,0
7328,0
7329,0
7330,0
7331,0
7332,0
7333,0
7334,0
7335,0
7336,0
7337,0
7338,0
7339,0
7340,0
7341,0
7342,0
7343,0
7344,0
7345,0
7346,0
7347,0
7348,0
7349,0
7350,0
7351,0
7352,0
7353,0
7354,0
7355,0
7356,0
7357,0
7358,0
7359,0
7360,0
7361,0
7362,0
7363,0
7364,0
7365,0
7366,0
7367,0
7368,0
7369,0
7370,0
7371,0
7372,0
7373,0
7374,0
7375,0
7376,0
7377,0
7378,0
7379,0
7380,0
7381,0
7382,0
7383,0
7384,0
7385,0
7386,0
7387,0
7388,0
7389,0
7390,0
7391,0
7392,0
7393,0
7394,0
7395,0
7396,0
7397,0
7398,0
7399,0
7400,0
7401,0
7402,0
7403,0
7404,0
7405,0
7406,0
7407,0
7408,0
7409,0
7410,0
7411,0
7412,0
7413,0
7414,0
7415,0
7416,0
7417,0
7418,0
7419,0
7420,0
7421,0
7422,0
7423,0
7424,0
7425,0
7426,0
7427,0
7428,0
7429,0
7430,0
7431,0
7432,0
7433,0
7434,0
7435,0
7436,0
7437,0
7438,0
7439,0
7440,0
7441,0
7442,0
7443,0
7444,0
7445,0
7446,0
7447,0
7448,0
7449,0
7450,0
7451,0
7452,0
7453,0
7454,0
7455,0
7456,0
7457,0
7458,0
7459,0
7460,0
7461,0
7462,0
7463,0
7464,0
7465,0
7466,0
7467,0
7468,0
7469,0
7470,0
7471,0
7472,0
7473,0
7474,0
7475,0
7476,0
7477,0
7478,0
7479,0
7480,0
7481,0
7482,0
7483,0
7484,0
7485,0
7486,0
7487,0
7488,0
7489,0
7490,0
7491,0
7492,0
7493,0
7494,0
7495,0
7496,0
7497,0
7498,0
7499,0
7500,0
7501,0
7502,0
7503,0
7504,0
7505,0
7506,0
7507,0
7508,0
7509,0
7510,0
7511,0
7512,0
7513,0
7514,0
7515,0
7516,0
7517,0
7518,0
7519,0
7520,0
7521,0
7522,0
7523,0
7524,0
7525,0
7526,0
7527,0
7528,0
7529,0
7530,0
7531,0
7532,0
7533,0
7534,0
7535,0
7536,0
7537,0
7538,0
7539,0
7540,0
7541,0
7542,0
7543,0
7544,0
7545,0
7546,0
7547,0
7548,0
7549,0
7550,0
7551,0
7552,0
7553,0
7554,0
7555,0
7556,0
7557,0
7558,0
7559,0
7560,0
7561,0
7562,0
7563,0
7564,0
7565,0
7566,0
7567,0
7568,0
7569,0
7570,0
7571,0
7572,0
7573,0
7574,0
7575,0
7576,0
7577,0
7578,0
7579,0
7580,0
7581,0
7582,0
7583,0
7584,0
7585,0
7586,0
7587,0
7588,0
7589,0
7590,0
7591,0
7592,0
7593,0
7594,0
7595,0
7596,0
7597,0
7598,0
7599,0
7600,0
7601,0
7602,0
7603,0
7604,0
7605,0
7606,0
7607,0
7608,0
7609,0
7610,0
7611,0
7612,0
7613,0
7614,0
7615,0
7616,0
7617,0
7618,0
7619,0
7620,0
7621,0
7622,0
7623,0
7624,0
7625,0
7626,0
7627,0
7628,0
7629,0
7630,0
7631,0
7632,0
7633,0
7634,0
7635,0
7636,0
7637,0
7638,0
7639,0
7640,0
7641,0
7642,0
7643,0
7644,0
7645,0
7646,0
7647,0
7648,0
7649,0
7650,0
7651,0
7652,0
7653,0
7654,0
7655,0
7656,0
7657,0
7658,0
7659,0
7660,0
7661,0
7662,0
7663,0
7664,0
7665,0
7666,0
7667,0
7668,0
7669,0
7670,0
7671,0
7672,0
7673,0
7674,0
7675,0
7676,0
7677,0
7678,0
7679,0
7680,0
7681,0
7682,0
7683,0
7684,0
7685,0
7686,0
7687,0
7688,0
7689,0
7690,0
7691,0
7692,0
7693,0
7694,0
7695,0
7696,0
7697,0
7698,0
7699,0
7700,0
7701,0
7702,0
7703,0
7704,0
7705,0
7706,0
7707,0
7708,0
7709,0
7710,0
7711,0
7712,0
7713,0
7714,0
7715,0
7716,0
7717,0
7718,0
7719,0
7720,0
7721,0
7722,0
7723,0
7724,0
7725,0
7726,0
7727,0
7728,0
7729,0
7730,0
7731,0
7732,0
7733,0
7734,0
7735,0
7736,0
7737,0
7738,0
7739,0
7740,0
7741,0
7742,0
7743,0
7744,0
7745,0
7746,0
7747,0
7748,0
7749,0
7750,0
7751,0
7752,0
7753,0
7754,0
7755,0
7756,0
7757,0
7758,0
7759,0
7760,0
7761,0
7762,0
7763,0
7764,0
7765,0
7766,0
7767,0
7768,0
7769,0
7770,0
7771,0
7772,0
7773,0
7774,0
7775,0
7776,0
7777,0
7778,0
7779,0
7780,0
7781,0
7782,0
7783,0
7784,0
7785,0
7786,0
7787,0
7788,0
7789,0
7790,0
7791,0
7792,0
7793,0
7794,0
7795,0
7796,0
7797,0
7798,0
7799,0
7800,0
7801,0
7802,0
7803,0
7804,0
7805,0
7806,0
7807,0
7808,0
7809,0
7810,0
7811,0
7812,0
7813,0
7814,0
7815,0
7816,0
7817,0
7818,0
7819,0
7820,0
7821,0
7822,0
7823,0
7824,0
7825,0
7826,0
7827,0
7828,0
7829,0
7830,0
7831,0
7832,0
7833,0
7834,0
7835,0
7836,0
7837,0
7838,0
7839,0
7840,0
7841,0
7842,0
7843,0
7844,0
7845,0
7846,0
7847,0
7848,0
7849,0
7850,0
7851,0
7852,0
7853,0
7854,0
7855,0
7856,0
7857,0
7858,0
7859,0
7860,0
7861,0
7862,0
7863,0
7864,0
7865,0
7866,0
7867,0
7868,0
7869,0
7870,0
7871,0
7872,0
7873,0
7874,0
7875,0
7876,0
7877,0
7878,0
7879,0
7880,0
7881,0
7882,0
7883,0
7884,0
7885,0
7886,0
7887,0
7888,0
7889,0
7890,0
7891,0
7892,0
7893,0
7894,0
7895,0
7896,0
7897,0
7898,0
7899,0
7900,0
7901,0
7902,0
7903,0
7904,0
7905,0
7906,0
7907,0
7908,0
7909,0
7910,0
7911,0
7912,0
7913,0
7914,0
7915,0
7916,0
7917,0
7918,0
7919,0
7920,0
7921,0
7922,0
7923,0
7924,0
7925,0
7926,0
7927,0
7928,0
7929,0
7930,0
7931,0
7932,0
7933,0
7934,0
7935,0
7936,0
7937,0
7938,0
7939,0
7940,0
7941,0
7942,0
7943,0
7944,0
7945,0
7946,0
7947,0
7948,0
7949,0
7950,0
7951,0
7952,0
7953,0
7954,0
7955,0
7956,0
7957,0
7958,0
7959,0
7960,0
7961,0
7962,0
7963,0
7964,0
7965,0
7966,0
7967,0
7968,0
7969,0
7970,0
7971,0
7972,0
7973,0
7974,0
7975,0
7976,0
7977,0
7978,0
7979,0
7980,0
7981,0
7982,0
7983,0
7984,0
7985,0
7986,0
7987,0
7988,0
7989,0
7990,0
7991,0
7992,0
7993,0
7994,0
7995,0
7996,0
7997,0
7998,0
7999,0
8000,0
8001,0
8002,0
8003,0
8004,0
8005,0
8006,0
8007,0
8008,0
8009,0
8010,0
8011,0
8012,0
8013,0
8014,0
8015,0
8016,0
8017,0
8018,0
8019,0
8020,0
8021,0
8022,0
8023,0
8024,0
8025,0
8026,0
8027,0
8028,0
8029,0
8030,0
8031,0
8032,0
8033,0
8034,0
8035,0
8036,0
8037,0
8038,0
8039,0
8040,0
8041,0
8042,0
8043,0
8044,0
8045,0
8046,0
8047,0
8048,0
8049,0
8050,0
8051,0
8052,0
8053,0
8054,0
8055,0
8056,0
8057,0
8058,0
8059,0
8060,0
8061,0
8062,0
8063,0
8064,0
8065,0
8066,0
8067,0
8068,0
8069,0
8070,0
8071,0
8072,0
8073,0
8074,0
8075,0
8076,0
8077,0
8078,0
8079,0
8080,0
8081,0
8082,0
8083,0
8084,0
8085,0
8086,0
8087,0
8088,0
8089,0
8090,0
8091,0
8092,0
8093,0
8094,0
8095,0
8096,0
8097,0
8098,0
8099,0
8100,0
8101,0
8102,0
8103,0
8104,0
8105,0
8106,0
8107,0
8108,0
8109,0
8110,0
8111,0
8112,0
8113,0
8114,0
8115,0
8116,0
8117,0
8118,0
8119,0
8120,0
8121,0
8122,0
8123,0
8124,0
8125,0
8126,0
8127,0
8128,0
8129,0
8130,0
8131,0
8132,0
8133,0
8134,0
8135,0
8136,0
8137,0
8138,0
8139,0
8140,0
8141,0
8142,0
8143,0
8144,0
8145,0
8146,0
8147,0
8148,0
8149,0
8150,0
8151,0
8152,0
8153,0
8154,0
8155,0
8156,0
8157,0
8158,0
8159,0
8160,0
8161,0
8162,0
8163,0
8164,0
8165,0
8166,0
8167,0
8168,0
8169,0
8170,0
8171,0
8172,0
8173,0
8174,0
8175,0
8176,0
8177,0
8178,0
8179,0
8180,0
8181,0
8182,0
8183,0
8184,0
8185,0
8186,0
8187,0
8188,0
8189,0
8190,0
8191,0
8192,0
8193,0
8194,0
8195,0
8196,0
8197,0
8198,0
8199,0
8200,0
8201,0
8202,0
8203,0
8204,0
8205,0
8206,0
8207,0
8208,0
8209,0
8210,0
8211,0
8212,0
8213,0
8214,0
8215,0
8216,0
8217,0
8218,0
8219,0
8220,0
8221,0
8222,0
8223,0
8224,0
8225,0
8226,0
8227,0
8228,0
8229,0
8230,0
8231,0
8232,0
8233,0
8234,0
8235,0
8236,0
8237,0
8238,0
8239,0
8240,0
8241,0
8242,0
8243,0
8244,0
8245,0
8246,0
8247,0
8248,0
8249,0
8250,0
8251,0
8252,0
8253,0
8254,0
8255,0
8256,0
8257,0
8258,0
8259,0
8260,0
8261,0
8262,0
8263,0
8264,0
8265,0
8266,0
8267,0
8268,0
8269,0
8270,0
8271,0
8272,0
8273,0
8274,0
8275,0
8276,0
8277,0
8278,0
8279,0
8280,0
8281,0
8282,0
8283,0
8284,0
8285,0
8286,0
8287,0
8288,0
8289,0
8290,0
8291,0
8292,0
8293,0
8294,0
8295,0
8296,0
8297,0
8298,0
8299,0
8300,0
8301,0
8302,0
8303,0
8304,0
8305,0
8306,0
8307,0
8308,0
8309,0
8310,0
8311,0
8312,0
8313,0
8314,0
8315,0
8316,0
8317,0
8318,0
8319,0
8320,0
8321,0
8322,0
8323,0
8324,0
8325,0
8326,0
8327,0
8328,0
8329,0
8330,0
8331,0
8332,0
8333,0
8334,0
8335,0
8336,0
8337,0
8338,0
8339,0
8340,0
8341,0
8342,0
8343,0
8344,0
8345,0
8346,0
8347,0
8348,0
8349,0
8350,0
8351,0
8352,0
8353,0
8354,0
8355,0
8356,0
8357,0
8358,0
8359,0
8360,0
8361,0
8362,0
8363,0
8364,0
8365,0
8366,0
8367,0
8368,0
8369,0
8370,0
8371,0
8372,0
8373,0
8374,0
8375,0
8376,0
8377,0
8378,0
8379,0
8380,0
8381,0
8382,0
8383,0
8384,0
8385,0
8386,0
8387,0
8388,0
8389,0
8390,0
8391,0
8392,0
8393,0
8394,0
8395,0
8396,0
8397,0
8398,0
8399,0
8400,0
8401,0
8402,0
8403,0
8404,0
8405,0
8406,0
8407,0
8408,0
8409,0
8410,0
8411,0
8412,0
8413,0
8414,0
8415,0
8416,0
8417,0
8418,0
8419,0
8420,0
8421,0
8422,0
8423,0
8424,0
8425,0
8426,0
8427,0
8428,0
8429,0
8430,0
8431,0
8432,0
8433,0
8434,0
8435,0
8436,0
8437,0
8438,0
8439,0
8440,0
8441,0
8442,0
8443,0
8444,0
8445,0
8446,0
8447,0
8448,0
8449,0
8450,0
8451,0
8452,0
8453,0
8454,0
8455,0
8456,0
8457,0
8458,0
8459,0
8460,0
8461,0
8462,0
8463,0
8464,0
8465,0
8466,0
8467,0
8468,0
8469,0
8470,0
8471,0
8472,0
8473,0
8474,0
8475,0
8476,0
8477,0
8478,0
8479,0
8480,0
8481,0
8482,0
8483,0
8484,0
8485,0
8486,0
8487,0
8488,0
8489,0
8490,0
8491,0
8492,0
8493,0
8494,0
8495,0
8496,0
8497,0
8498,0
8499,0
8500,0
8501,0
8502,0
8503,0
8504,0
8505,0
8506,0
8507,0
8508,0
8509,0
8510,0
8511,0
8512,0
8513,0
8514,0
8515,0
8516,0
8517,0
8518,0
8519,0
8520,0
8521,0
8522,0
8523,0
8524,0
8525,0
8526,0
8527,0
8528,0
8529,0
8530,0
8531,0
8532,0
8533,0
8534,0
8535,0
8536,0
8537,0
8538,0
8539,0
8540,0
8541,0
8542,0
8543,0
8544,0
8545,0
8546,0
8547,0
8548,0
8549,0
8550,0
8551,0
8552,0
8553,0
8554,0
8555,0
8556,0
8557,0
8558,0
8559,0
8560,0
8561,0
8562,0
8563,0
8564,0
8565,0
8566,0
8567,0
8568,0
8569,0
8570,0
8571,0
8572,0
8573,0
8574,0
8575,0
8576,0
8577,0
8578,0
8579,0
8580,0
8581,0
8582,0
8583,0
8584,0
8585,0
8586,0
8587,0
8588,0
8589,0
8590,0
8591,0
8592,0
8593,0
8594,0
8595,0
8596,0
8597,0
8598,0
8599,0
8600,0
8601,0
8602,0
8603,0
8604,0
8605,0
8606,0
8607,0
8608,0
8609,0
8610,0
8611,0
8612,0
8613,0
8614,0
8615,0
8616,0
8617,0
8618,0
8619,0
8620,0
8621,0
8622,0
8623,0
8624,0
8625,0
8626,0
8627,0
8628,0
8629,0
8630,0
8631,0
8632,0
8633,0
8634,0
8635,0
8636,0
8637,0
8638,0
8639,0
8640,0
8641,0
8642,0
8643,0
8644,0
8645,0
8646,0
8647,0
8648,0
8649,0
8650,0
8651,0
8652,0
8653,0
8654,0
8655,0
8656,0
8657,0
8658,0
8659,0
8660,0
8661,0
8662,0
8663,0
8664,0
8665,0
8666,0
8667,0
8668,0
8669,0
8670,0
8671,0
8672,0
8673,0
8674,0
8675,0
8676,0
8677,0
8678,0
8679,0
8680,0
8681,0
8682,0
8683,0
8684,0
8685,0
8686,0
8687,0
8688,0
8689,0
8690,0
8691,0
8692,0
8693,0
8694,0
8695,0
8696,0
8697,0
8698,0
8699,0
8700,0
8701,0
8702,0
8703,0
8704,0
8705,0
8706,0
8707,0
8708,0
8709,0
8710,0
8711,0
8712,0
8713,0
8714,0
8715,0
8716,0
8717,0
8718,0
8719,0
8720,0
8721,0
8722,0
8723,0
8724,0
8725,0
8726,0
8727,0
8728,0
8729,0
8730,0
8731,0
8732,0
8733,0
8734,0
8735,0
8736,0
8737,0
8738,0
8739,0
8740,0
8741,0
8742,0
8743,0
8744,0
8745,0
8746,0
8747,0
8748,0
8749,0
8750,0
8751,0
8752,0
8753,0
8754,0
8755,0
8756,0
8757,0
8758,0
8759,0
8760,0
8761,0
8762,0
8763,0
8764,0
8765,0
8766,0
8767,0
8768,0
8769,0
8770,0
8771,0
8772,0
8773,0
8774,0
8775,0
8776,0
8777,0
8778,0
8779,0
8780,0
8781,0
8782,0
8783,0
8784,0
8785,0
8786,0
8787,0
8788,0
8789,0
8790,0
8791,0
8792,0
8793,0
8794,0
8795,0
8796,0
8797,0
8798,0
8799,0
8800,0
8801,0
8802,0
8803,0
8804,0
8805,0
8806,0
8807,0
8808,0
8809,0
8810,0
8811,0
8812,0
8813,0
8814,0
8815,0
8816,0
8817,0
8818,0
8819,0
8820,0
8821,0
8822,0
8823,0
8824,0
8825,0
8826,0
8827,0
8828,0
8829,0
8830,0
8831,0
8832,0
8833,0
8834,0
8835,0
8836,0
8837,0
8838,0
8839,0
8840,0
8841,0
8842,0
8843,0
8844,0
8845,0
8846,0
8847,0
8848,0
8849,0
8850,0
8851,0
8852,0
8853,0
8854,0
8855,0
8856,0
8857,0
8858,0
8859,0
8860,0
8861,0
8862,0
8863,0
8864,0
8865,0
8866,0
8867,0
8868,0
8869,0
8870,0
8871,0
8872,0
8873,0
8874,0
8875,0
8876,0
8877,0
8878,0
8879,0
8880,0
8881,0
8882,0
8883,0
8884,0
8885,0
8886,0
8887,0
8888,0
8889,0
8890,0
8891,0
8892,0
8893,0
8894,0
8895,0
8896,0
8897,0
8898,0
8899,0
8900,0
8901,0
8902,0
8903,0
8904,0
8905,0
8906,0
8907,0
8908,0
8909,0
8910,0
8911,0
8912,0
8913,0
8914,0
8915,0
8916,0
8917,0
8918,0
8919,0
8920,0
8921,0
8922,0
8923,0
8924,0
8925,0
8926,0
8927,0
8928,0
8929,0
8930,0
8931,0
8932,0
8933,0
8934,0
8935,0
8936,0
8937,0
8938,0
8939,0
8940,0
8941,0
8942,0
8943,0
8944,0
8945,0
8946,0
8947,0
8948,0
8949,0
8950,0
8951,0
8952,0
8953,0
8954,0
8955,0
8956,0
8957,0
8958,0
8959,0
8960,0
8961,0
8962,0
8963,0
8964,0
8965,0
8966,0
8967,0
8968,0
8969,0
8970,0
8971,0
8972,0
8973,0
8974,0
8975,0
8976,0
8977,0
8978,0
8979,0
8980,0
8981,0
8982,0
8983,0
8984,0
8985,0
8986,0
8987,0
8988,0
8989,0
8990,0
8991,0
8992,0
8993,0
8994,0
8995,0
8996,0
8997,0
8998,0
8999,0
9000,0
9001,0
9002,0
9003,0
9004,0
9005,0
9006,0
9007,0
9008,0
9009,0
9010,0
9011,0
9012,0
9013,0
9014,0
9015,0
9016,0
9017,0
9018,0
9019,0
9020,0
9021,0
9022,0
9023,0
9024,0
9025,0
9026,0
9027,0
9028,0
9029,0
9030,0
9031,0
9032,0
9033,0
9034,0
9035,0
9036,0
9037,0
9038,0
9039,0
9040,0
9041,0
9042,0
9043,0
9044,0
9045,0
9046,0
9047,0
9048,0
9049,0
9050,0
9051,0
9052,0
9053,0
9054,0
9055,0
9056,0
9057,0
9058,0
9059,0
9060,0
9061,0
9062,0
9063,0
9064,0
9065,0
9066,0
9067,0
9068,0
9069,0
9070,0
9071,0
9072,0
9073,0
9074,0
9075,0
9076,0
9077,0
9078,0
9079,0
9080,0
9081,0
9082,0
9083,0
9084,0
9085,0
9086,0
9087,0
9088,0
9089,0
9090,0
9091,0
9092,0
9093,0
9094,0
9095,0
9096,0
9097,0
9098,0
9099,0
9100,0
9101,0
9102,0
9103,0
9104,0
9105,0
9106,0
9107,0
9108,0
9109,0
9110,0
9111,0
9112,0
9113,0
9114,0
9115,0
9116,0
9117,0
9118,0
9119,0
9120,0
9121,0
9122,0
9123,0
9124,0
9125,0
9126,0
9127,0
9128,0
9129,0
9130,0
9131,0
9132,0
9133,0
9134,0
9135,0
9136,0
9137,0
9138,0
9139,0
9140,0
9141,0
9142,0
9143,0
9144,0
9145,0
9146,0
9147,0
9148,0
9149,0
9150,0
9151,0
9152,0
9153,0
9154,0
9155,0
9156,0
9157,0
9158,0
9159,0
9160,0
9161,0
9162,0
9163,0
9164,0
9165,0
9166,0
9167,0
9168,0
9169,0
9170,0
9171,0
9172,0
9173,0
9174,0
9175,0
9176,0
9177,0
9178,0
9179,0
9180,0
9181,0
9182,0
9183,0
9184,0
9185,0
9186,0
9187,0
9188,0
9189,0
9190,0
9191,0
9192,0
9193,0
9194,0
9195,0
9196,0
9197,0
9198,0
9199,0
9200,0
9201,0
9202,0
9203,0
9204,0
9205,0
9206,0
9207,0
9208,0
9209,0
9210,0
9211,0
9212,0
9213,0
9214,0
9215,0
9216,0
9217,0
9218,0
9219,0
9220,0
9221,0
9222,0
9223,0
9224,0
9225,0
9226,0
9227,0
9228,0
9229,0
9230,0
9231,0
9232,0
9233,0
9234,0
9235,0
9236,0
9237,0
9238,0
9239,0
9240,0
9241,0
9242,0
9243,0
9244,0
9245,0
9246,0
9247,0
9248,0
9249,0
9250,0
9251,0
9252,0
9253,0
9254,0
9255,0
9256,0
9257,0
9258,0
9259,0
9260,0
9261,0
9262,0
9263,0
9264,0
9265,0
9266,0
9267,0
9268,0
9269,0
9270,0
9271,0
9272,0
9273,0
9274,0
9275,0
9276,0
9277,0
9278,0
9279,0
9280,0
9281,0
9282,0
9283,0
9284,0
9285,0
9286,0
9287,0
9288,0
9289,0
9290,0
9291,0
9292,0
9293,0
9294,0
9295,0
9296,0
9297,0
9298,0
9299,0
9300,0
9301,0
9302,0
9303,0
9304,0
9305,0
9306,0
9307,0
9308,0
9309,0
9310,0
9311,0
9312,0
9313,0
9314,0
9315,0
9316,0
9317,0
9318,0
9319,0
9320,0
9321,0
9322,0
9323,0
9324,0
9325,0
9326,0
9327,0
9328,0
9329,0
9330,0
9331,0
9332,0
9333,0
9334,0
9335,0
9336,0
9337,0
9338,0
9339,0
9340,0
9341,0
9342,0
9343,0
9344,0
9345,0
9346,0
9347,0
9348,0
9349,0
9350,0
9351,0
9352,0
9353,0
9354,0
9355,0
9356,0
9357,0
9358,0
9359,0
9360,0
9361,0
9362,0
9363,0
9364,0
9365,0
9366,0
9367,0
9368,0
9369,0
9370,0
9371,0
9372,0
9373,0
9374,0
9375,0
9376,0
9377,0
9378,0
9379,0
9380,0
9381,0
9382,0
9383,0
9384,0
9385,0
9386,0
9387,0
9388,0
9389,0
9390,0
9391,0
9392,0
9393,0
9394,0
9395,0
9396,0
9397,0
9398,0
9399,0
9400,0
9401,0
9402,0
9403,0
9404,0
9405,0
9406,0
9407,0
9408,0
9409,0
9410,0
9411,0
9412,0
9413,0
9414,0
9415,0
9416,0
9417,0
9418,0
9419,0
9420,0
9421,0
9422,0
9423,0
9424,0
9425,0
9426,0
9427,0
9428,0
9429,0
9430,0
9431,0
9432,0
9433,0
9434,0
9435,0
9436,0
9437,0
9438,0
9439,0
9440,0
9441,0
9442,0
9443,0
9444,0
9445,0
9446,0
9447,0
9448,0
9449,0
9450,0
9451,0
9452,0
9453,0
9454,0
9455,0
9456,0
9457,0
9458,0
9459,0
9460,0
9461,0
9462,0
9463,0
9464,0
9465,0
9466,0
9467,0
9468,0
9469,0
9470,0
9471,0
9472,0
9473,0
9474,0
9475,0
9476,0
9477,0
9478,0
9479,0
9480,0
9481,0
9482,0
9483,0
9484,0
9485,0
9486,0
9487,0
9488,0
9489,0
9490,0
9491,0
9492,0
9493,0
9494,0
9495,0
9496,0
9497,0
9498,0
9499,0
9500,0
9501,0
9502,0
9503,0
9504,0
9505,0
9506,0
9507,0
9508,0
9509,0
9510,0
9511,0
9512,0
9513,0
9514,0
9515,0
9516,0
9517,0
9518,0
9519,0
9520,0
9521,0
9522,0
9523,0
9524,0
9525,0
9526,0
9527,0
9528,0
9529,0
9530,0
9531,0
9532,0
9533,0
9534,0
9535,0
9536,0
9537,0
9538,0
9539,0
9540,0
9541,0
9542,0
9543,0
9544,0
9545,0
9546,0
9547,0
9548,0
9549,0
9550,0
9551,0
9552,0
9553,0
9554,0
9555,0
9556,0
9557,0
9558,0
9559,0
9560,0
9561,0
9562,0
9563,0
9564,0
9565,0
9566,0
9567,0
9568,0
9569,0
9570,0
9571,0
9572,0
9573,0
9574,0
9575,0
9576,0
9577,0
9578,0
9579,0
9580,0
9581,0
9582,0
9583,0
9584,0
9585,0
9586,0
9587,0
9588,0
9589,0
9590,0
9591,0
9592,0
9593,0
9594,0
9595,0
9596,0
9597,0
9598,0
9599,0
9600,0
9601,0
9602,0
9603,0
9604,0
9605,0
9606,0
9607,0
9608,0
9609,0
9610,0
9611,0
9612,0
9613,0
9614,0
9615,0
9616,0
9617,0
9618,0
9619,0
9620,0
9621,0
9622,0
9623,0
9624,0
9625,0
9626,0
9627,0
9628,0
9629,0
9630,0
9631,0
9632,0
9633,0
9634,0
9635,0
9636,0
9637,0
9638,0
9639,0
9640,0
9641,0
9642,0
9643,0
9644,0
9645,0
9646,0
9647,0
9648,0
9649,0
9650,0
9651,0
9652,0
9653,0
9654,0
9655,0
9656,0
9657,0
9658,0
9659,0
9660,0
9661,0
9662,0
9663,0
9664,0
9665,0
9666,0
9667,0
9668,0
9669,0
9670,0
9671,0
9672,0
9673,0
9674,0
9675,0
9676,0
9677,0
9678,0
9679,0
9680,0
9681,0
9682,0
9683,0
9684,0
9685,0
9686,0
9687,0
9688,0
9689,0
9690,0
9691,0
9692,0
9693,0
9694,0
9695,0
9696,0
9697,0
9698,0
9699,0
9700,0
9701,0
9702,0
9703,0
9704,0
9705,0
9706,0
9707,0
9708,0
9709,0
9710,0
9711,0
9712,0
9713,0
9714,0
9715,0
9716,0
9717,0
9718,0
9719,0
9720,0
9721,0
9722,0
9723,0
9724,0
9725,0
9726,0
9727,0
9728,0
9729,0
9730,0
9731,0
9732,0
9733,0
9734,0
9735,0
9736,0
9737,0
9738,0
9739,0
9740,0
9741,0
9742,0
9743,0
9744,0
9745,0
9746,0
9747,0
9748,0
9749,0
9750,0
9751,0
9752,0
9753,0
9754,0
9755,0
9756,0
9757,0
9758,0
9759,0
9760,0
9761,0
9762,0
9763,0
9764,0
9765,0
9766,0
9767,0
9768,0
9769,0
9770,0
9771,0
9772,0
9773,0
9774,0
9775,0
9776,0
9777,0
9778,0
9779,0
9780,0
9781,0
9782,0
9783,0
9784,0
9785,0
9786,0
9787,0
9788,0
9789,0
9790,0
9791,0
9792,0
9793,0
9794,0
9795,0
9796,0
9797,0
9798,0
9799,0
9800,0
9801,0
9802,0
9803,0
9804,0
9805,0
9806,0
9807,0
9808,0
9809,0
9810,0
9811,0
9812,0
9813,0
9814,0
9815,0
9816,0
9817,0
9818,0
9819,0
9820,0
9821,0
9822,0
9823,0
9824,0
9825,0
9826,0
9827,0
9828,0
9829,0
9830,0
9831,0
9832,0
9833,0
9834,0
9835,0
9836,0
9837,0
9838,0
9839,0
9840,0
9841,0
9842,0
9843,0
9844,0
9845,0
9846,0
9847,0
9848,0
9849,0
9850,0
9851,0
9852,0
9853,0
9854,0
9855,0
9856,0
9857,0
9858,0
9859,0
9860,0
9861,0
9862,0
9863,0
9864,0
9865,0
9866,0
9867,0
9868,0
9869,0
9870,0
9871,0
9872,0
9873,0
9874,0
9875,0
9876,0
9877,0
9878,0
9879,0
9880,0
9881,0
9882,0
9883,0
9884,0
9885,0
9886,0
9887,0
9888,0
9889,0
9890,0
9891,0
9892,0
9893,0
9894,0
9895,0
9896,0
9897,0
9898,0
9899,0
9900,0
9901,0
9902,0
9903,0
9904,0
9905,0
9906,0
9907,0
9908,0
9909,0
9910,0
9911,0
9912,0
9913,0
9914,0
9915,0
9916,0
9917,0
9918,0
9919,0
9920,0
9921,0
9922,0
9923,0
9924,0
9925,0
9926,0
9927,0
9928,0
9929,0
9930,0
9931,0
9932,0
9933,0
9934,0
9935,0
9936,0
9937,0
9938,0
9939,0
9940,0
9941,0
9942,0
9943,0
9944,0
9945,0
9946,0
9947,0
9948,0
9949,0
9950,0
9951,0
9952,0
9953,0
9954,0
9955,0
9956,0
9957,0
9958,0
9959,0
9960,0
9961,0
9962,0
9963,0
9964,0
9965,0
9966,0
9967,0
9968,0
9969,0
9970,0
9971,0
9972,0
9973,0
9974,0
9975,0
9976,0
9977,0
9978,0
9979,0
9980,0
9981,0
9982,0
9983,0
9984,0
9985,0
9986,0
9987,0
9988,0
9989,0
9990,0
9991,0
9992,0
9993,0
9994,0
9995,0
9996,0
9997,0
9998,0
9999,0
